sample,iterations,resolved_fraction,certified_high_recall,certified_high_count,certified_low_count,mean_bound_over_mean_abs_error,relative_l2_correction_error,max_bound_excess_over_error_scale,false_high,false_low,bound_violations
0,5,0.0,0.0,0,0,2.1075661645384547,0.056939870233869684,0.0,0,0,0
0,10,0.982421875,0.941747572815534,97,909,0.05646372187588064,0.0016591606108783046,0.0,0,0,0
0,20,1.0,1.0,103,921,3.137498137543297e-05,4.171328190383064e-07,0.0,0,0,0
0,40,1.0,1.0,103,921,1.5947983320025513e-12,9.806443064569441e-14,0.0,0,0,0
0,80,1.0,1.0,103,921,1.5278108397580117e-13,1.1648176516330532e-13,3.5314682338338605e-14,0,0,0
1,5,0.0,0.0,0,0,2.262853680679458,0.04054420465261321,0.0,0,0,0
1,10,0.9619140625,0.8252427184466019,85,900,0.0748029424088473,0.0014247921936433486,0.0,0,0,0
1,20,1.0,1.0,103,921,2.9119832249321623e-05,7.072136809553161e-07,0.0,0,0,0
1,40,1.0,1.0,103,921,7.254905522689418e-13,1.1905782372269127e-13,0.0,0,0,0
1,80,1.0,1.0,103,921,1.8577146370245127e-13,1.2129323947543148e-13,4.965290113876229e-14,0,0,0
2,5,0.0,0.0,0,0,3.114620757425694,0.0637227026131701,0.0,0,0,0
2,10,0.9453125,0.8155339805825242,84,884,0.10610150212783855,0.002638239664621375,0.0,0,0,0
2,20,1.0,1.0,103,921,4.812514950755906e-05,6.451939903820146e-07,0.0,0,0,0
2,40,1.0,1.0,103,921,1.966759199759078e-12,1.8668357982764942e-13,0.0,0,0,0
2,80,1.0,1.0,103,921,2.0890759033987403e-13,1.8079238746805072e-13,5.795523435477921e-14,0,0,0
3,5,0.0,0.0,0,0,2.5971866193242605,0.04542589055183886,0.0,0,0,0
3,10,0.931640625,0.6893203883495146,71,883,0.0742111387467649,0.0020560144926447203,0.0,0,0,0
3,20,1.0,1.0,103,921,2.935505564613062e-05,4.957288726960573e-07,0.0,0,0,0
3,40,1.0,1.0,103,921,1.907169263987879e-12,6.232697434074007e-14,0.0,0,0,0
3,80,1.0,1.0,103,921,1.9029055056498978e-13,6.643665635401934e-14,0.0,0,0,0
4,5,0.5615234375,0.06796116504854369,7,568,0.9529789855536676,0.04470547038373511,0.0,0,0,0
4,10,0.9912109375,0.9514563106796117,98,917,0.025850494386443098,0.00024672874085977895,0.0,0,0,0
4,20,1.0,1.0,103,921,2.1371280975196255e-06,2.2651886900566425e-08,0.0,0,0,0
4,40,1.0,1.0,103,921,1.0978132981066895e-13,3.9424149093183016e-14,0.0,0,0,0
4,80,1.0,1.0,103,921,1.0978132981066895e-13,3.9424149093183016e-14,0.0,0,0,0
5,5,0.0,0.0,0,0,2.5585958047170285,0.05707801807303183,0.0,0,0,0
5,10,0.9609375,0.8155339805825242,84,900,0.06540220707545993,0.0008999294528700483,0.0,0,0,0
5,20,1.0,1.0,103,921,1.6069226860312174e-05,2.0156302092342217e-07,0.0,0,0,0
5,40,1.0,1.0,103,921,1.514574535952263e-13,8.303927837371847e-14,1.6924874423170342e-14,0,0,0
5,80,1.0,1.0,103,921,1.514574535952263e-13,8.303927837371847e-14,1.6924874423170342e-14,0,0,0
6,5,0.0,0.0,0,0,2.7842768084523994,0.038700493477053025,0.0,0,0,0
6,10,0.984375,0.9320388349514563,96,912,0.01741190794813785,0.0003091958800420278,0.0,0,0,0
6,20,1.0,1.0,103,921,1.0789558155134312e-06,8.681785423598658e-09,0.0,0,0,0
6,40,1.0,1.0,103,921,1.1792264366916365e-13,3.266521116898646e-13,1.412463263425981e-13,0,0,0
6,80,1.0,1.0,103,921,1.1792264366916365e-13,3.266521116898646e-13,1.412463263425981e-13,0,0,0
7,5,0.0,0.0,0,0,1.8935156345964963,0.045998369135345905,0.0,0,0,0
7,10,0.984375,0.9029126213592233,93,915,0.032797900994300924,0.00043684211517671967,0.0,0,0,0
7,20,1.0,1.0,103,921,4.487303667615044e-06,5.32928519463591e-08,0.0,0,0,0
7,40,1.0,1.0,103,921,1.1206872411085491e-13,1.9765196325342345e-13,1.0388258126040951e-13,0,0,0
7,80,1.0,1.0,103,921,1.1206872411085491e-13,1.9765196325342345e-13,1.0388258126040951e-13,0,0,0
8,5,0.0,0.0,0,0,4.085736071756505,0.07773284563581398,0.0,0,0,0
8,10,0.9755859375,0.8640776699029126,89,910,0.027342386956780505,0.0005195975574719912,0.0,0,0,0
8,20,1.0,1.0,103,921,4.087508340437598e-06,4.398761943235622e-08,0.0,0,0,0
8,40,1.0,1.0,103,921,1.76951583711067e-13,4.458536103810985e-13,2.1098537007618413e-13,0,0,0
8,80,1.0,1.0,103,921,1.76951583711067e-13,4.458536103810985e-13,2.1098537007618413e-13,0,0,0
9,5,0.0,0.0,0,0,2.7608347054705273,0.049103196583577445,0.0,0,0,0
9,10,0.98828125,0.9320388349514563,96,916,0.022302349673143363,0.00034531249500506267,0.0,0,0,0
9,20,1.0,1.0,103,921,4.0042555273977905e-06,8.694698942960557e-08,0.0,0,0,0
9,40,1.0,1.0,103,921,1.8954771059580436e-13,4.1618720547270137e-13,1.6171687434654524e-13,0,0,0
9,80,1.0,1.0,103,921,1.8954771059580436e-13,4.1618720547270137e-13,1.6171687434654524e-13,0,0,0
10,5,0.16015625,0.0,0,164,1.075919266472059,0.023182864138269206,0.0,0,0,0
10,10,0.9833984375,0.9029126213592233,93,914,0.019608550024202923,0.000483779694675273,0.0,0,0,0
10,20,1.0,1.0,103,921,6.597921184976802e-06,8.035281584592512e-08,0.0,0,0,0
10,40,1.0,1.0,103,921,1.9531558026622173e-13,1.8369438067018726e-13,9.754574696120139e-14,0,0,0
10,80,1.0,1.0,103,921,1.0693557764046817e-13,1.8344633962896458e-13,1.258041786582375e-13,0,0,0
11,5,0.0,0.0,0,0,2.239614046793177,0.044248077687144644,0.0,0,0,0
11,10,0.958984375,0.8252427184466019,85,897,0.06151253603253651,0.0009090943836974013,0.0,0,0,0
11,20,1.0,1.0,103,921,3.248565296246858e-05,6.413056191380637e-07,0.0,0,0,0
11,40,1.0,1.0,103,921,4.853744713776617e-13,1.1745615465872247e-13,0.0,0,0,0
11,80,1.0,1.0,103,921,1.9894908367519006e-13,1.1833322279872066e-13,1.4808702669811403e-14,0,0,0
12,5,0.0,0.0,0,0,1.9757235524853183,0.04671669519133789,0.0,0,0,0
12,10,0.9501953125,0.7669902912621359,79,894,0.052499406150863896,0.0013162671094955165,0.0,0,0,0
12,20,1.0,1.0,103,921,3.697627440600889e-05,4.799683119787279e-07,0.0,0,0,0
12,40,1.0,1.0,103,921,1.2952451564769956e-12,1.6639517890967032e-13,0.0,0,0,0
12,80,1.0,1.0,103,921,1.3700396168598161e-13,1.676135034674305e-13,7.775094738923677e-14,0,0,0
13,5,0.0,0.0,0,0,3.7337682438878184,0.09624047354787843,0.0,0,0,0
13,10,0.947265625,0.8155339805825242,84,886,0.1076921952256863,0.002847645486987066,0.0,0,0,0
13,20,1.0,1.0,103,921,2.917252980998953e-05,2.578404077341051e-07,0.0,0,0,0
13,40,1.0,1.0,103,921,7.628763063920843e-13,2.82725917926368e-13,0.0,0,0,0
13,80,1.0,1.0,103,921,3.2425095525881897e-13,2.8800737103339815e-13,5.145300177486175e-14,0,0,0
14,5,0.0,0.0,0,0,2.900650198141382,0.07420259059637066,0.0,0,0,0
14,10,0.9619140625,0.8543689320388349,88,897,0.06693809301130318,0.0016242858892555263,0.0,0,0,0
14,20,1.0,1.0,103,921,1.1694262933275547e-05,1.958842860116873e-07,0.0,0,0,0
14,40,1.0,1.0,103,921,1.8633151965402982e-13,9.568509118800423e-14,1.9880297067042606e-14,0,0,0
14,80,1.0,1.0,103,921,1.8633151965402982e-13,9.568509118800423e-14,1.9880297067042606e-14,0,0,0
15,5,0.0,0.0,0,0,2.8516996464739504,0.07950663549591866,0.0,0,0,0
15,10,0.96484375,0.8058252427184466,83,905,0.07771227854922653,0.0015378986827463267,0.0,0,0,0
15,20,1.0,1.0,103,921,1.4632604457112789e-05,1.9835993478362778e-07,0.0,0,0,0
15,40,1.0,1.0,103,921,7.327420291605946e-13,1.4918815650770886e-13,0.0,0,0,0
15,80,1.0,1.0,103,921,1.7005820764088222e-13,1.4936535298423166e-13,4.915005263763381e-14,0,0,0
16,5,0.0,0.0,0,0,2.9505860610077286,0.06401138582505587,0.0,0,0,0
16,10,0.96875,0.8737864077669902,90,902,0.06869675259932158,0.0011064579677484792,0.0,0,0,0
16,20,1.0,1.0,103,921,5.881024835836334e-05,1.2654497786908368e-06,0.0,0,0,0
16,40,1.0,1.0,103,921,5.7894549819195845e-12,1.2990132277881595e-13,0.0,0,0,0
16,80,1.0,1.0,103,921,1.6224175585593066e-13,7.8192139878685e-14,1.0562308668627454e-14,0,0,0
17,5,0.0,0.0,0,0,1.3737816714520197,0.03209024949974319,0.0,0,0,0
17,10,0.994140625,0.9611650485436893,99,919,0.012009116552894921,0.00013854337987621266,0.0,0,0,0
17,20,1.0,1.0,103,921,1.838828083588997e-06,3.3928965248271456e-08,0.0,0,0,0
17,40,1.0,1.0,103,921,1.3240576264415318e-13,1.2567438207945835e-13,7.22468323958956e-14,0,0,0
17,80,1.0,1.0,103,921,1.3240576264415318e-13,1.2567438207945835e-13,7.22468323958956e-14,0,0,0
18,5,0.0,0.0,0,0,2.228091682469182,0.03931766563082734,0.0,0,0,0
18,10,0.986328125,0.9611650485436893,99,911,0.012022287713823571,0.0002623567745806768,0.0,0,0,0
18,20,1.0,1.0,103,921,1.4848723590938313e-06,1.3892998964930543e-08,0.0,0,0,0
18,40,1.0,1.0,103,921,1.1723251037673895e-13,3.7969880963342943e-13,1.2228977758315644e-13,0,0,0
18,80,1.0,1.0,103,921,1.1723251037673895e-13,3.7969880963342943e-13,1.2228977758315644e-13,0,0,0
19,5,0.0,0.0,0,0,3.9679866929443426,0.08099908984902773,0.0,0,0,0
19,10,0.9921875,0.970873786407767,100,916,0.027326538963877826,0.0006299725170068641,0.0,0,0,0
19,20,1.0,1.0,103,921,3.5573421045369364e-06,7.100900958669874e-08,0.0,0,0,0
19,40,1.0,1.0,103,921,1.6744162831561906e-13,2.352008273435757e-13,8.099092073561559e-14,0,0,0
19,80,1.0,1.0,103,921,1.6744162831561906e-13,2.352008273435757e-13,8.099092073561559e-14,0,0,0
20,5,0.0,0.0,0,0,1.1600656738579829,0.04504180753591399,0.0,0,0,0
20,10,0.9921875,0.9611650485436893,99,917,0.013646101365952555,0.00023875883223558125,0.0,0,0,0
20,20,1.0,1.0,103,921,2.7580354533351005e-06,4.7613182832393143e-08,0.0,0,0,0
20,40,1.0,1.0,103,921,1.5366859395639952e-13,3.8709325204166217e-13,2.5140834528348864e-13,0,0,0
20,80,1.0,1.0,103,921,6.8940115127982e-14,3.8653631062579566e-13,2.8207553358077423e-13,0,0,0
21,5,0.0,0.0,0,0,2.569400936675135,0.09853115631741616,0.0,0,0,0
21,10,0.974609375,0.8640776699029126,89,909,0.04575685981652905,0.0005037465132634241,0.0,0,0,0
21,20,1.0,1.0,103,921,1.8761486137768592e-05,2.859827593821719e-07,0.0,0,0,0
21,40,1.0,1.0,103,921,4.238406906181239e-13,1.741180606040639e-13,5.901793267466212e-15,0,0,0
21,80,1.0,1.0,103,921,1.5176487147008276e-13,1.731006807139476e-13,5.813093025751321e-14,0,0,0
22,5,0.0,0.0,0,0,1.9810404924162142,0.05730037918696259,0.0,0,0,0
22,10,0.96484375,0.7864077669902912,81,907,0.048266883707171096,0.0010869827296800766,0.0,0,0,0
22,20,1.0,1.0,103,921,4.034230809711731e-05,1.2261538071969073e-06,0.0,0,0,0
22,40,1.0,1.0,103,921,2.5457504479705568e-12,1.4534383812544213e-13,0.0,0,0,0
22,80,1.0,1.0,103,921,1.3093594891586947e-13,1.273898525621412e-13,5.052900559381429e-14,0,0,0
23,5,0.0,0.0,0,0,1.915278559120246,0.04478466863689231,0.0,0,0,0
23,10,0.98828125,0.941747572815534,97,915,0.045410173178034,0.0003734213394428753,0.0,0,0,0
23,20,1.0,1.0,103,921,3.65938891192108e-06,1.0053239443275551e-07,0.0,0,0,0
23,40,1.0,1.0,103,921,9.944432830936365e-14,6.344954739297145e-13,3.2600706599800137e-13,0,0,0
23,80,1.0,1.0,103,921,9.944432830936365e-14,6.344954739297145e-13,3.2600706599800137e-13,0,0,0
24,5,0.0,0.0,0,0,1.9121556346209827,0.06852646654394813,0.0,0,0,0
24,10,0.9736328125,0.8640776699029126,89,908,0.057036036369822726,0.0008646314381014935,0.0,0,0,0
24,20,1.0,1.0,103,921,1.564378533041435e-05,2.627593711271478e-07,0.0,0,0,0
24,40,1.0,1.0,103,921,1.67058334054129e-12,1.2462031699138482e-13,0.0,0,0,0
24,80,1.0,1.0,103,921,1.2380131782387527e-13,1.2817310900925334e-13,5.001265317739195e-14,0,0,0
25,5,0.44140625,0.0,0,452,1.366371226952996,0.02369649779237153,0.0,0,0,0
25,10,0.9814453125,0.8640776699029126,89,916,0.04599997656011639,0.0004943021983389832,0.0,0,0,0
25,20,1.0,1.0,103,921,1.7054780215091315e-05,2.706087157130391e-07,0.0,0,0,0
25,40,1.0,1.0,103,921,7.545141867479298e-13,2.79653248611679e-14,0.0,0,0,0
25,80,1.0,1.0,103,921,1.865261102859782e-13,2.5014796398160465e-14,0.0,0,0,0
26,5,0.0,0.0,0,0,2.2547102143221047,0.04737164823001717,0.0,0,0,0
26,10,0.943359375,0.7864077669902912,81,885,0.07371852835744674,0.0007980653683649782,0.0,0,0,0
26,20,1.0,1.0,103,921,2.5302855001227044e-05,7.369770228794731e-07,0.0,0,0,0
26,40,1.0,1.0,103,921,1.6195606844368587e-12,1.0782707919942893e-13,0.0,0,0,0
26,80,1.0,1.0,103,921,1.621282352849519e-13,1.0912323823812684e-13,4.942501007928677e-14,0,0,0
27,5,0.0,0.0,0,0,2.548814606519094,0.06514224092660129,0.0,0,0,0
27,10,0.94921875,0.8349514563106796,86,886,0.09676696749582146,0.0012828505880498329,0.0,0,0,0
27,20,1.0,1.0,103,921,4.385171600613091e-05,5.928650335935481e-07,0.0,0,0,0
27,40,1.0,1.0,103,921,1.1236121199977825e-12,1.504576343082763e-13,0.0,0,0,0
27,80,1.0,1.0,103,921,1.3201321161707696e-13,1.5109806983040964e-13,4.524772136057427e-14,0,0,0
28,5,0.0,0.0,0,0,2.865587391305993,0.03442156596971839,0.0,0,0,0
28,10,0.9697265625,0.883495145631068,91,902,0.047078546793863724,0.0005620593351161888,0.0,0,0,0
28,20,1.0,1.0,103,921,4.487459305546073e-06,6.844793548642418e-08,0.0,0,0,0
28,40,1.0,1.0,103,921,1.1253834997136328e-13,1.3911841333480763e-12,8.726330588512658e-13,0,0,0
28,80,1.0,1.0,103,921,1.1253834997136328e-13,1.3911841333480763e-12,8.726330588512658e-13,0,0,0
29,5,0.0,0.0,0,0,2.899018150536324,0.06086215393097328,0.0,0,0,0
29,10,0.96484375,0.8252427184466019,85,903,0.07538040364666353,0.0011796732233558542,0.0,0,0,0
29,20,1.0,1.0,103,921,3.441835217412775e-05,9.501386769970878e-07,0.0,0,0,0
29,40,1.0,1.0,103,921,3.063618348496203e-12,3.2434458909073954e-13,0.0,0,0,0
29,80,1.0,1.0,103,921,2.419428936151528e-13,3.4348622433957916e-13,9.132873698928364e-14,0,0,0
30,5,0.0,0.0,0,0,1.6539256799105277,0.057146931990562054,0.0,0,0,0
30,10,0.9560546875,0.8349514563106796,86,893,0.051340088805474755,0.0007832609598476615,0.0,0,0,0
30,20,1.0,1.0,103,921,2.0187954194182477e-05,4.013428153374386e-07,0.0,0,0,0
30,40,1.0,1.0,103,921,1.8130988703397512e-12,6.00282463594867e-14,0.0,0,0,0
30,80,1.0,1.0,103,921,1.600370173493525e-13,6.266164413770514e-14,3.801081726015675e-14,0,0,0
31,5,0.0,0.0,0,0,3.1237549290750084,0.08928655416234241,0.0,0,0,0
31,10,0.95703125,0.7961165048543689,82,898,0.06633034155311315,0.0012323527382789488,0.0,0,0,0
31,20,1.0,1.0,103,921,2.1823950109443785e-05,3.0212252184212915e-07,0.0,0,0,0
31,40,1.0,1.0,103,921,1.2357152119997694e-12,9.985996432987859e-14,0.0,0,0,0
31,80,1.0,1.0,103,921,1.9104751123640266e-13,1.2898687729626378e-13,4.46350025533288e-14,0,0,0
32,5,0.0,0.0,0,0,3.8643106365122337,0.054020209316141536,0.0,0,0,0
32,10,0.9306640625,0.7572815533980582,78,875,0.11791692284246022,0.0026471376820936194,0.0,0,0,0
32,20,1.0,1.0,103,921,6.698871848280899e-05,2.054205710953348e-06,0.0,0,0,0
32,40,1.0,1.0,103,921,3.4205198868046892e-12,1.0780327028510815e-13,0.0,0,0,0
32,80,1.0,1.0,103,921,2.5497668051309036e-13,1.094118123625863e-13,1.4609533056527247e-14,0,0,0
33,5,0.572265625,0.009708737864077669,1,585,1.0329394841411157,0.028041940644858116,0.0,0,0,0
33,10,0.994140625,0.970873786407767,100,918,0.017178300611803355,0.0001814439408790494,0.0,0,0,0
33,20,1.0,1.0,103,921,9.813540705272516e-07,2.1365676306929727e-08,0.0,0,0,0
33,40,1.0,1.0,103,921,1.1787156660676115e-13,2.063974569968579e-14,0.0,0,0,0
33,80,1.0,1.0,103,921,1.1787156660676115e-13,2.063974569968579e-14,0.0,0,0,0
34,5,0.0,0.0,0,0,2.2686092090336,0.06369908053582894,0.0,0,0,0
34,10,0.9501953125,0.8349514563106796,86,887,0.08834891939886422,0.001965548995674084,0.0,0,0,0
34,20,1.0,1.0,103,921,6.025143257809192e-05,1.5299794673545952e-06,0.0,0,0,0
34,40,1.0,1.0,103,921,5.223159783426861e-12,2.2391483370492733e-13,0.0,0,0,0
34,80,1.0,1.0,103,921,2.1008107333619616e-13,2.0578385560644807e-13,6.357793140988545e-14,0,0,0
35,5,0.0,0.0,0,0,2.4554110722284443,0.04817917215556487,0.0,0,0,0
35,10,0.9677734375,0.8640776699029126,89,902,0.058345429114186914,0.0015076979933717528,0.0,0,0,0
35,20,1.0,1.0,103,921,3.593117248318289e-05,5.309690879806461e-07,0.0,0,0,0
35,40,1.0,1.0,103,921,3.315887268285387e-12,1.180125877364593e-13,0.0,0,0,0
35,80,1.0,1.0,103,921,1.4389361467509828e-13,9.377598902328162e-14,3.7106391202530116e-14,0,0,0
36,5,0.0,0.0,0,0,3.6047558176881034,0.07427335094997767,0.0,0,0,0
36,10,0.9580078125,0.8252427184466019,85,896,0.09622367543495756,0.0020613011472897518,0.0,0,0,0
36,20,1.0,1.0,103,921,5.2158760520424724e-05,2.331451861464334e-06,0.0,0,0,0
36,40,1.0,1.0,103,921,3.5251519116548767e-12,1.6126069260174685e-13,0.0,0,0,0
36,80,1.0,1.0,103,921,2.737083428316399e-13,1.4704081303324752e-13,1.8439071003574983e-14,0,0,0
37,5,0.0,0.0,0,0,2.579724260072259,0.05741030907309884,0.0,0,0,0
37,10,0.9443359375,0.7961165048543689,82,885,0.07839797409218507,0.0012303298845538014,0.0,0,0,0
37,20,1.0,1.0,103,921,5.047417276292147e-05,1.025634276228229e-06,0.0,0,0,0
37,40,1.0,1.0,103,921,3.6955493488938e-12,1.984500409263977e-13,0.0,0,0,0
37,80,1.0,1.0,103,921,1.8380014385631741e-13,2.1485932974061106e-13,1.0616318304189528e-13,0,0,0
38,5,0.0,0.0,0,0,2.0200895972849757,0.09093433366025817,0.0,0,0,0
38,10,0.9609375,0.8155339805825242,84,900,0.045489344393501205,0.0008042289530515596,0.0,0,0,0
38,20,1.0,1.0,103,921,2.638875472204484e-05,5.969263729522695e-07,0.0,0,0,0
38,40,1.0,1.0,103,921,7.519690796479415e-13,1.5166301664800162e-13,0.0,0,0,0
38,80,1.0,1.0,103,921,1.5691245489173592e-13,1.557687198633626e-13,5.634613307840493e-14,0,0,0
39,5,0.0,0.0,0,0,2.983151318970856,0.05413069040188924,0.0,0,0,0
39,10,0.9853515625,0.941747572815534,97,912,0.04073905151136187,0.00048452339445821365,0.0,0,0,0
39,20,1.0,1.0,103,921,7.183688400535316e-06,2.06687739266544e-07,0.0,0,0,0
39,40,1.0,1.0,103,921,1.444944721666381e-13,2.80107533455351e-13,1.4419657415759253e-13,0,0,0
39,80,1.0,1.0,103,921,1.444944721666381e-13,2.80107533455351e-13,1.4419657415759253e-13,0,0,0
40,5,0.0,0.0,0,0,2.089805438820333,0.042953882667859336,0.0,0,0,0
40,10,0.98046875,0.9029126213592233,93,911,0.021761613204989812,0.0003632485487888675,0.0,0,0,0
40,20,1.0,1.0,103,921,3.258211614773969e-06,4.927735263893756e-08,0.0,0,0,0
40,40,1.0,1.0,103,921,1.0186382274663046e-13,2.299169206016525e-13,1.0861360429411814e-13,0,0,0
40,80,1.0,1.0,103,921,1.0186382274663046e-13,2.299169206016525e-13,1.0861360429411814e-13,0,0,0
41,5,0.0,0.0,0,0,2.9230164707635238,0.046718941808621545,0.0,0,0,0
41,10,0.9677734375,0.8543689320388349,88,903,0.06059274209960123,0.0010568827519927308,0.0,0,0,0
41,20,1.0,1.0,103,921,1.823324671896978e-05,2.4505148329095785e-07,0.0,0,0,0
41,40,1.0,1.0,103,921,4.0367678289160416e-13,2.575991161723232e-13,5.0633295907639926e-14,0,0,0
41,80,1.0,1.0,103,921,1.6021628956121754e-13,2.602245575592924e-13,9.895887875014349e-14,0,0,0
42,5,0.0,0.0,0,0,1.9609491773109509,0.05477010519408031,0.0,0,0,0
42,10,0.9453125,0.7669902912621359,79,889,0.06368430534037205,0.0011575401096863478,0.0,0,0,0
42,20,1.0,1.0,103,921,1.7629810789032938e-05,3.1722757029605714e-07,0.0,0,0,0
42,40,1.0,1.0,103,921,3.927684041629607e-13,1.2234471221089238e-13,0.0,0,0,0
42,80,1.0,1.0,103,921,7.798191258108337e-14,1.2225526064821046e-13,4.6942039351729657e-14,0,0,0
43,5,0.0,0.0,0,0,2.924889837825951,0.05603338375941885,0.0,0,0,0
43,10,0.95703125,0.7864077669902912,81,899,0.08767170679703319,0.0009285087252712682,0.0,0,0,0
43,20,1.0,1.0,103,921,1.652746096217733e-05,1.2752189855772712e-07,0.0,0,0,0
43,40,1.0,1.0,103,921,3.0534229602347123e-13,2.6777578033479744e-13,8.936251791282771e-14,0,0,0
43,80,1.0,1.0,103,921,3.0534229602347123e-13,2.6777578033479744e-13,8.936251791282771e-14,0,0,0
44,5,0.0,0.0,0,0,2.656141216444609,0.08584171887994262,0.0,0,0,0
44,10,0.9638671875,0.9029126213592233,93,894,0.06437288141445545,0.0017388587314336225,0.0,0,0,0
44,20,1.0,1.0,103,921,1.4491463481301245e-05,2.915034496970515e-07,0.0,0,0,0
44,40,1.0,1.0,103,921,1.5655510191502693e-13,3.9672584009746616e-13,1.5444735943270554e-13,0,0,0
44,80,1.0,1.0,103,921,1.5655510191502693e-13,3.9672584009746616e-13,1.5444735943270554e-13,0,0,0
45,5,0.0,0.0,0,0,1.9822852142608491,0.042325946750947675,0.0,0,0,0
45,10,0.96875,0.8446601941747572,87,905,0.05833676062695256,0.0009365191181527898,0.0,0,0,0
45,20,1.0,1.0,103,921,1.6971097009090235e-05,1.6875716900162782e-07,0.0,0,0,0
45,40,1.0,1.0,103,921,4.3890012738137796e-13,1.5772460517858007e-13,5.15961013683124e-16,0,0,0
45,80,1.0,1.0,103,921,1.6021955114901407e-13,1.5666763995595e-13,6.335770228715835e-14,0,0,0
46,5,0.0,0.0,0,0,2.1125464953864954,0.04050243050393072,0.0,0,0,0
46,10,0.9892578125,0.9514563106796117,98,915,0.03130452636763078,0.0003188651258316862,0.0,0,0,0
46,20,1.0,1.0,103,921,4.739983994890492e-06,6.267738882427265e-08,0.0,0,0,0
46,40,1.0,1.0,103,921,1.6206217472243573e-13,2.3069156236308454e-13,1.2211007638481678e-13,0,0,0
46,80,1.0,1.0,103,921,1.6206217472243573e-13,2.3069156236308454e-13,1.2211007638481678e-13,0,0,0
47,5,0.0,0.0,0,0,2.2223476798494595,0.065252543133295,0.0,0,0,0
47,10,0.9677734375,0.7766990291262136,80,911,0.06079383071338078,0.0014394395527125695,0.0,0,0,0
47,20,1.0,1.0,103,921,3.7861322074975877e-05,6.543852001679271e-07,0.0,0,0,0
47,40,1.0,1.0,103,921,4.602789001126518e-12,1.2371498649426365e-13,0.0,0,0,0
47,80,1.0,1.0,103,921,1.1537359650809413e-13,7.05745081404964e-14,1.3725262253563734e-14,0,0,0
48,5,0.0,0.0,0,0,3.6938141461070275,0.06762655192237331,0.0,0,0,0
48,10,0.94140625,0.7184466019417476,74,890,0.0995464924423542,0.0026196677515328975,0.0,0,0,0
48,20,1.0,1.0,103,921,6.073722279692584e-05,6.35714853316305e-07,0.0,0,0,0
48,40,1.0,1.0,103,921,3.927658984038366e-12,5.549348384975262e-13,0.0,0,0,0
48,80,1.0,1.0,103,921,3.31665324201819e-13,5.683835611609405e-13,1.8971789203622694e-13,0,0,0
49,5,0.0,0.0,0,0,3.630060042413769,0.05932052794389404,0.0,0,0,0
49,10,0.9541015625,0.7669902912621359,79,898,0.10319235920617512,0.002077065057990453,0.0,0,0,0
49,20,1.0,1.0,103,921,4.099526128011433e-05,5.798385994973585e-07,0.0,0,0,0
49,40,1.0,1.0,103,921,3.147908642281668e-12,1.0267272347967673e-13,0.0,0,0,0
49,80,1.0,1.0,103,921,2.7782713329930473e-13,8.765166647810642e-14,0.0,0,0,0
50,5,0.0,0.0,0,0,2.130553143984694,0.03876430963660012,0.0,0,0,0
50,10,0.9765625,0.8737864077669902,90,910,0.03412752453985294,0.00047006824823458087,0.0,0,0,0
50,20,1.0,1.0,103,921,3.5671426960989703e-06,7.302282127773737e-08,0.0,0,0,0
50,40,1.0,1.0,103,921,8.907878496491791e-14,4.336280825036292e-13,2.5469938689039613e-13,0,0,0
50,80,1.0,1.0,103,921,8.907878496491791e-14,4.336280825036292e-13,2.5469938689039613e-13,0,0,0
51,5,0.0,0.0,0,0,5.051100469543246,0.0651129502320611,0.0,0,0,0
51,10,0.9677734375,0.8543689320388349,88,903,0.04911438958994937,0.0004513565258180516,0.0,0,0,0
51,20,1.0,1.0,103,921,6.057466871421897e-06,1.0924468211164477e-07,0.0,0,0,0
51,40,1.0,1.0,103,921,1.9005229171799126e-13,3.48158758774324e-13,1.3522697184652807e-13,0,0,0
51,80,1.0,1.0,103,921,1.9005229171799126e-13,3.48158758774324e-13,1.3522697184652807e-13,0,0,0
52,5,0.0,0.0,0,0,3.1887500448430175,0.06099273383438915,0.0,0,0,0
52,10,0.9541015625,0.7864077669902912,81,896,0.07801630892479337,0.0020652953664257365,0.0,0,0,0
52,20,1.0,1.0,103,921,2.0173057848766306e-05,2.903662648313027e-07,0.0,0,0,0
52,40,1.0,1.0,103,921,4.501015584091715e-13,1.160875793331608e-13,0.0,0,0,0
52,80,1.0,1.0,103,921,1.5886431093524816e-13,1.1574203779606284e-13,4.705407483818164e-14,0,0,0
53,5,0.0,0.0,0,0,3.4260449503692016,0.05457038472707356,0.0,0,0,0
53,10,0.9638671875,0.8640776699029126,89,898,0.08077951959890793,0.0013145083258804685,0.0,0,0,0
53,20,1.0,1.0,103,921,2.6658774311687262e-05,6.599873364774558e-07,0.0,0,0,0
53,40,1.0,1.0,103,921,2.0398701059475513e-12,7.767613389090145e-14,0.0,0,0,0
53,80,1.0,1.0,103,921,1.9487085095797942e-13,7.758210160267321e-14,3.268806706513205e-14,0,0,0
54,5,0.0,0.0,0,0,3.401492160328344,0.09264058811671247,0.0,0,0,0
54,10,0.9609375,0.8640776699029126,89,895,0.06682121159420211,0.0014508458540316764,0.0,0,0,0
54,20,1.0,1.0,103,921,1.4099859921494987e-05,2.3139056911207443e-07,0.0,0,0,0
54,40,1.0,1.0,103,921,6.659755391256174e-13,2.63032890071041e-13,1.7363621140828862e-14,0,0,0
54,80,1.0,1.0,103,921,1.737025421533031e-13,2.628412198282137e-13,8.472368115844313e-14,0,0,0
55,5,0.0,0.0,0,0,1.6780608245416102,0.05229231531873154,0.0,0,0,0
55,10,0.9501953125,0.7766990291262136,80,893,0.05644907047014003,0.0011884763525693578,0.0,0,0,0
55,20,1.0,1.0,103,921,2.7324824325085596e-05,5.084994626431022e-07,0.0,0,0,0
55,40,1.0,1.0,103,921,7.814148094159334e-13,7.281246825158643e-14,0.0,0,0,0
55,80,1.0,1.0,103,921,1.2887936242937717e-13,7.159010845228206e-14,1.4880593274345728e-14,0,0,0
56,5,0.00390625,0.038834951456310676,4,0,1.2610018132760883,0.02072110505668009,0.0,0,0,0
56,10,0.9873046875,0.941747572815534,97,914,0.023146833403295167,0.0002810315640871547,0.0,0,0,0
56,20,0.998046875,0.9902912621359223,102,920,2.0087229390792965e-06,4.87238108115579e-08,0.0,0,0,0
56,40,1.0,1.0,103,921,1.5013259667603835e-13,3.951541444994399e-13,3.4214394895377763e-13,0,0,0
56,80,1.0,1.0,103,921,1.5013259667603835e-13,3.951541444994399e-13,3.4214394895377763e-13,0,0,0
57,5,0.0,0.0,0,0,1.9136027983084956,0.049680990108988896,0.0,0,0,0
57,10,0.9794921875,0.883495145631068,91,912,0.02687091340171683,0.00046389512756455086,0.0,0,0,0
57,20,1.0,1.0,103,921,6.11332308118528e-06,8.072872952921444e-08,0.0,0,0,0
57,40,1.0,1.0,103,921,1.2552296190765053e-13,6.513689548187679e-14,3.281385569444043e-14,0,0,0
57,80,1.0,1.0,103,921,1.2552296190765053e-13,6.513689548187679e-14,3.281385569444043e-14,0,0,0
58,5,0.0,0.0,0,0,2.4985665646891864,0.047681835464335826,0.0,0,0,0
58,10,0.9833984375,0.9223300970873787,95,912,0.023001524746669458,0.00040501136097768816,0.0,0,0,0
58,20,1.0,1.0,103,921,3.606142883067076e-06,6.369611636778427e-08,0.0,0,0,0
58,40,1.0,1.0,103,921,1.5190201095434135e-13,1.5228421512991705e-13,1.1086050775422919e-13,0,0,0
58,80,1.0,1.0,103,921,1.5190201095434135e-13,1.5228421512991705e-13,1.1086050775422919e-13,0,0,0
59,5,0.0,0.0,0,0,3.067069843748068,0.06672803423782735,0.0,0,0,0
59,10,0.955078125,0.8058252427184466,83,895,0.05983165200778557,0.0014250550319328634,0.0,0,0,0
59,20,1.0,1.0,103,921,2.3943126011177903e-05,3.6528535845369854e-07,0.0,0,0,0
59,40,1.0,1.0,103,921,2.0967330036120386e-12,1.7982913292724251e-13,0.0,0,0,0
59,80,1.0,1.0,103,921,1.8960757970640793e-13,1.6808904861323852e-13,3.861844615937419e-14,0,0,0
60,5,0.0,0.0,0,0,1.5157520347490507,0.03168317893072671,0.0,0,0,0
60,10,0.978515625,0.9029126213592233,93,909,0.04201611756620921,0.0009171338885948234,0.0,0,0,0
60,20,1.0,1.0,103,921,2.9266275548969622e-05,5.722463611224677e-07,0.0,0,0,0
60,40,1.0,1.0,103,921,6.272354723786532e-13,1.7992791328070818e-13,0.0,0,0,0
60,80,1.0,1.0,103,921,1.5341498717305537e-13,1.7752183193634504e-13,8.735691500212331e-14,0,0,0
61,5,0.0,0.0,0,0,2.1521095599748357,0.04478844315219561,0.0,0,0,0
61,10,0.9794921875,0.8640776699029126,89,914,0.041833923681673824,0.0013797924678741547,0.0,0,0,0
61,20,1.0,1.0,103,921,1.74018469036141e-05,2.625305482989455e-07,0.0,0,0,0
61,40,1.0,1.0,103,921,1.9837766012073502e-13,1.1180030621442287e-13,2.5311934537155254e-14,0,0,0
61,80,1.0,1.0,103,921,1.7553423443591125e-13,1.110992596820121e-13,2.8259244066524247e-14,0,0,0
62,5,0.0,0.0,0,0,2.6737794115823093,0.05149949707975017,0.0,0,0,0
62,10,0.953125,0.8058252427184466,83,893,0.0646498870608768,0.002346072565406166,0.0,0,0,0
62,20,1.0,1.0,103,921,2.21446581966786e-05,5.113941707428096e-07,0.0,0,0,0
62,40,1.0,1.0,103,921,7.61289731441879e-13,1.7572590178925983e-13,0.0,0,0,0
62,80,1.0,1.0,103,921,2.2703648992946329e-13,1.761497682754244e-13,4.8228970161577554e-14,0,0,0
63,5,0.0009765625,0.009708737864077669,1,0,2.23405929349696,0.06439181494105027,0.0,0,0,0
63,10,0.982421875,0.883495145631068,91,915,0.050364276796557736,0.0007329082401230509,0.0,0,0,0
63,20,1.0,1.0,103,921,4.4177831273237205e-06,6.511633934409985e-08,0.0,0,0,0
63,40,1.0,1.0,103,921,1.7937524246100956e-13,3.646788438158151e-13,1.173768934502257e-13,0,0,0
63,80,1.0,1.0,103,921,1.7937524246100956e-13,3.646788438158151e-13,1.173768934502257e-13,0,0,0
64,5,0.0,0.0,0,0,2.807457143004196,0.04726128414814015,0.0,0,0,0
64,10,0.9677734375,0.8543689320388349,88,903,0.06551632817567979,0.001134964607674256,0.0,0,0,0
64,20,1.0,1.0,103,921,2.0293200091082623e-05,2.1143919834627948e-07,0.0,0,0,0
64,40,1.0,1.0,103,921,3.4979817261991844e-13,2.2610287372498884e-13,3.294829144247347e-14,0,0,0
64,80,1.0,1.0,103,921,1.244215245918528e-13,2.261325773743435e-13,7.82893798205004e-14,0,0,0
65,5,0.0,0.0,0,0,3.091269968966138,0.09882590444042942,0.0,0,0,0
65,10,0.9345703125,0.7378640776699029,76,881,0.10100071416070619,0.0020903496687319765,0.0,0,0,0
65,20,1.0,1.0,103,921,4.862483579194543e-05,1.5113203329777055e-06,0.0,0,0,0
65,40,1.0,1.0,103,921,2.7234447755074954e-12,2.6589648754602136e-13,0.0,0,0,0
65,80,1.0,1.0,103,921,1.380315537706845e-13,2.637437955183269e-13,9.124092306397999e-14,0,0,0
66,5,0.0,0.0,0,0,1.5881459904654485,0.035257229415818714,0.0,0,0,0
66,10,0.9892578125,0.9611650485436893,99,914,0.03546558177251178,0.00032110986165703243,0.0,0,0,0
66,20,1.0,1.0,103,921,2.5615413450209314e-06,4.412524817783155e-08,0.0,0,0,0
66,40,1.0,1.0,103,921,1.3855524239422144e-13,2.287245758797963e-13,1.0071153058083645e-13,0,0,0
66,80,1.0,1.0,103,921,1.3855524239422144e-13,2.287245758797963e-13,1.0071153058083645e-13,0,0,0
67,5,0.0,0.0,0,0,2.2542370721421174,0.05623505375590261,0.0,0,0,0
67,10,0.9462890625,0.7961165048543689,82,887,0.0593498482173856,0.0012689879436519173,0.0,0,0,0
67,20,1.0,1.0,103,921,3.805890985213829e-05,5.345801008414676e-07,0.0,0,0,0
67,40,1.0,1.0,103,921,2.806148762776072e-12,3.6107491189414695e-13,0.0,0,0,0
67,80,1.0,1.0,103,921,1.0421404158466949e-13,3.646728450362721e-13,2.1688954771286766e-13,0,0,0
68,5,0.0,0.0,0,0,2.0138328826373546,0.045430752453748995,0.0,0,0,0
68,10,0.9365234375,0.6990291262135923,72,887,0.05791715686024423,0.0014536953144353713,0.0,0,0,0
68,20,1.0,1.0,103,921,4.219330193292816e-05,1.436679142453468e-06,0.0,0,0,0
68,40,1.0,1.0,103,921,7.0667168619454116e-12,7.573315018912563e-14,0.0,0,0,0
68,80,1.0,1.0,103,921,1.3388905741748613e-13,6.906755003536276e-14,1.0922985144594406e-14,0,0,0
69,5,0.0,0.0,0,0,2.2608216573811815,0.04915550183659926,0.0,0,0,0
69,10,0.9736328125,0.8543689320388349,88,909,0.06111893551760724,0.0014917893760091688,0.0,0,0,0
69,20,1.0,1.0,103,921,3.292514416763117e-05,6.010067211203191e-07,0.0,0,0,0
69,40,1.0,1.0,103,921,1.924400556950057e-12,9.813941567670534e-14,0.0,0,0,0
69,80,1.0,1.0,103,921,1.8474026777805173e-13,1.1262794012331046e-13,3.61556154211068e-14,0,0,0
70,5,0.0,0.0,0,0,3.742723434209629,0.07546097154853532,0.0,0,0,0
70,10,0.9482421875,0.7281553398058253,75,896,0.09011772279307748,0.0016779419523067877,0.0,0,0,0
70,20,1.0,1.0,103,921,5.7505082862363136e-05,1.5604157236890853e-06,0.0,0,0,0
70,40,1.0,1.0,103,921,3.15084482999003e-12,1.0987078554601892e-13,0.0,0,0,0
70,80,1.0,1.0,103,921,2.642019383224543e-13,1.0507137276083696e-13,9.380368092706205e-15,0,0,0
71,5,0.0,0.0,0,0,1.4430232151731768,0.02891508810312442,0.0,0,0,0
71,10,0.9345703125,0.6601941747572816,68,889,0.04038485206930601,0.0013412513550769068,0.0,0,0,0
71,20,1.0,1.0,103,921,1.1372665843990848e-05,1.6016787286474104e-07,0.0,0,0,0
71,40,1.0,1.0,103,921,1.0717929860056304e-13,1.3943458193169332e-13,9.333795459054208e-14,0,0,0
71,80,1.0,1.0,103,921,1.0717929860056304e-13,1.3943458193169332e-13,9.333795459054208e-14,0,0,0
72,5,0.0,0.0,0,0,2.46131281180479,0.07549865895307817,0.0,0,0,0
72,10,0.9609375,0.8349514563106796,86,898,0.05907086298145996,0.001214392738976951,0.0,0,0,0
72,20,1.0,1.0,103,921,1.3963167494604308e-05,2.5139574738631523e-07,0.0,0,0,0
72,40,1.0,1.0,103,921,4.699013659657656e-13,1.071433292298033e-13,0.0,0,0,0
72,80,1.0,1.0,103,921,1.077309491200801e-13,1.1310708542646451e-13,8.018887480872096e-14,0,0,0
73,5,0.0029296875,0.0,0,3,1.3771201028761246,0.023970482339450917,0.0,0,0,0
73,10,0.99609375,0.9805825242718447,101,919,0.012446894924713476,0.0001316251436413108,0.0,0,0,0
73,20,1.0,1.0,103,921,1.5643115250374662e-06,3.721046873388299e-08,0.0,0,0,0
73,40,1.0,1.0,103,921,1.2525057509844896e-13,1.1445576163649473e-13,4.781735847418623e-14,0,0,0
73,80,1.0,1.0,103,921,1.2525057509844896e-13,1.1445576163649473e-13,4.781735847418623e-14,0,0,0
74,5,0.0,0.0,0,0,1.738572961615299,0.04803284854985244,0.0,0,0,0
74,10,0.98046875,0.8932038834951457,92,912,0.06462957827047552,0.0010730013420539634,0.0,0,0,0
74,20,1.0,1.0,103,921,2.7978832789083545e-05,7.675465957066065e-07,0.0,0,0,0
74,40,1.0,1.0,103,921,2.8016776636271904e-12,1.0734865077305182e-13,0.0,0,0,0
74,80,1.0,1.0,103,921,1.5639422379427974e-13,9.716953591834693e-14,2.3481278634042467e-14,0,0,0
75,5,0.0,0.0,0,0,1.4691588942148457,0.04833402907798651,0.0,0,0,0
75,10,0.974609375,0.883495145631068,91,907,0.025956876369544208,0.0004980814869258131,0.0,0,0,0
75,20,1.0,1.0,103,921,1.5018670729408006e-05,2.2872600939795062e-07,0.0,0,0,0
75,40,1.0,1.0,103,921,1.9845843309555127e-12,3.53071498815218e-14,0.0,0,0,0
75,80,1.0,1.0,103,921,1.3623537517649157e-13,4.1830508997325017e-14,0.0,0,0,0
76,5,0.0,0.0,0,0,1.876181212432815,0.05522699018226467,0.0,0,0,0
76,10,0.990234375,0.9320388349514563,96,918,0.05417279184135681,0.0008866436724197323,0.0,0,0,0
76,20,1.0,1.0,103,921,1.9710322612821985e-05,3.9289190309018364e-07,0.0,0,0,0
76,40,1.0,1.0,103,921,1.9256920722526758e-13,7.931733938624855e-14,1.594726675248314e-14,0,0,0
76,80,1.0,1.0,103,921,1.5897027603382813e-13,7.957242551664874e-14,2.145270294530751e-14,0,0,0
77,5,0.0,0.0,0,0,3.0915319576299076,0.06586668922711689,0.0,0,0,0
77,10,0.966796875,0.8058252427184466,83,907,0.07482543047776546,0.00208934401814763,0.0,0,0,0
77,20,1.0,1.0,103,921,5.479568473633341e-05,6.683418836403867e-07,0.0,0,0,0
77,40,1.0,1.0,103,921,2.280195773924377e-12,1.8590545390353414e-13,0.0,0,0,0
77,80,1.0,1.0,103,921,2.243238477802908e-13,1.8663850849445887e-13,6.023737486625366e-14,0,0,0
78,5,0.0009765625,0.009708737864077669,1,0,1.5344066042233826,0.03903750070282903,0.0,0,0,0
78,10,0.982421875,0.9223300970873787,95,911,0.03650657233926019,0.00027714514685850487,0.0,0,0,0
78,20,1.0,1.0,103,921,4.4121797624920016e-06,4.5253386705341255e-08,0.0,0,0,0
78,40,1.0,1.0,103,921,1.2828216281143413e-13,6.015759337587955e-14,3.940856906730502e-14,0,0,0
78,80,1.0,1.0,103,921,1.2828216281143413e-13,6.015759337587955e-14,3.940856906730502e-14,0,0,0
79,5,0.0,0.0,0,0,2.4219258368953995,0.051987682313108775,0.0,0,0,0
79,10,0.9833984375,0.9514563106796117,98,909,0.037267344787332755,0.0002763401379181452,0.0,0,0,0
79,20,1.0,1.0,103,921,3.990318252341991e-06,9.182502151819042e-08,0.0,0,0,0
79,40,1.0,1.0,103,921,1.405429932222691e-13,3.915623722456111e-13,1.743499604384056e-13,0,0,0
79,80,1.0,1.0,103,921,1.405429932222691e-13,3.915623722456111e-13,1.743499604384056e-13,0,0,0
80,5,0.0,0.0,0,0,2.5769243490060343,0.09389401334252456,0.0,0,0,0
80,10,0.9541015625,0.7572815533980582,78,899,0.0892084759111682,0.0009850786708438205,0.0,0,0,0
80,20,1.0,1.0,103,921,3.876549129086188e-05,9.245944013804272e-07,0.0,0,0,0
80,40,1.0,1.0,103,921,1.5703140324636528e-12,1.3178010232963255e-13,0.0,0,0,0
80,80,1.0,1.0,103,921,1.5217059677726966e-13,1.315182477062305e-13,5.778855552600323e-14,0,0,0
81,5,0.0,0.0,0,0,1.514721095695768,0.05945660904995727,0.0,0,0,0
81,10,0.9658203125,0.8446601941747572,87,902,0.0358356812737675,0.0008180195200919771,0.0,0,0,0
81,20,1.0,1.0,103,921,1.8091591422063436e-05,2.4367774270403254e-07,0.0,0,0,0
81,40,1.0,1.0,103,921,5.051837874754155e-13,7.372074806369563e-14,0.0,0,0,0
81,80,1.0,1.0,103,921,1.2573276459776292e-13,7.438717809464117e-14,8.152285445264863e-15,0,0,0
82,5,0.0,0.0,0,0,1.8713846672955419,0.049126776036374324,0.0,0,0,0
82,10,0.982421875,0.8932038834951457,92,914,0.0617546425794147,0.0011370963729893614,0.0,0,0,0
82,20,1.0,1.0,103,921,2.740506812123805e-05,4.5674290903470804e-07,0.0,0,0,0
82,40,1.0,1.0,103,921,2.1786645223169e-12,1.0739595812167932e-13,0.0,0,0,0
82,80,1.0,1.0,103,921,2.0596511796758207e-13,8.868605018467615e-14,1.1435091922001195e-14,0,0,0
83,5,0.0,0.0,0,0,3.0738068849748905,0.07339757392270321,0.0,0,0,0
83,10,0.9736328125,0.8737864077669902,90,907,0.07276343682200177,0.001450400141962814,0.0,0,0,0
83,20,1.0,1.0,103,921,4.401260022940268e-05,6.120990002681595e-07,0.0,0,0,0
83,40,1.0,1.0,103,921,1.771637486357829e-12,1.63008152111686e-13,0.0,0,0,0
83,80,1.0,1.0,103,921,1.8463301556737576e-13,1.700447409114694e-13,9.434606319045464e-14,0,0,0
84,5,0.0,0.0,0,0,2.513978907641829,0.05340613742889289,0.0,0,0,0
84,10,0.9501953125,0.7766990291262136,80,893,0.07999099971360299,0.0015214031410283194,0.0,0,0,0
84,20,1.0,1.0,103,921,3.097872851785866e-05,3.4557609765256464e-07,0.0,0,0,0
84,40,1.0,1.0,103,921,3.110610021610124e-13,2.6539236092781177e-13,7.985815373894078e-14,0,0,0
84,80,1.0,1.0,103,921,1.078655938615915e-13,2.6499656723903104e-13,1.2183522339402905e-13,0,0,0
85,5,0.0,0.0,0,0,2.299062037759629,0.0454064158334262,0.0,0,0,0
85,10,0.9873046875,0.9611650485436893,99,912,0.06655907027700067,0.0019645019556150584,0.0,0,0,0
85,20,1.0,1.0,103,921,2.8303398780586342e-05,5.002631006607146e-07,0.0,0,0,0
85,40,1.0,1.0,103,921,1.4950730096411872e-12,7.789749113234934e-14,0.0,0,0,0
85,80,1.0,1.0,103,921,1.8470470100749377e-13,7.458302393323377e-14,2.412717721657082e-15,0,0,0
86,5,0.0,0.0,0,0,2.174678246430369,0.05001296116768184,0.0,0,0,0
86,10,0.986328125,0.9320388349514563,96,914,0.022105562382842243,0.000372837662470136,0.0,0,0,0
86,20,1.0,1.0,103,921,3.3398823535781735e-06,6.6005088168362e-08,0.0,0,0,0
86,40,1.0,1.0,103,921,1.9902290912035515e-13,2.5623848541862734e-13,1.5071567005238549e-13,0,0,0
86,80,1.0,1.0,103,921,1.9902290912035515e-13,2.5623848541862734e-13,1.5071567005238549e-13,0,0,0
87,5,0.0,0.0,0,0,2.5246159410472795,0.038363137795332146,0.0,0,0,0
87,10,0.9794921875,0.883495145631068,91,912,0.05885750476687467,0.0009267445795619292,0.0,0,0,0
87,20,1.0,1.0,103,921,1.96612803043314e-05,2.6896542605641984e-07,0.0,0,0,0
87,40,1.0,1.0,103,921,5.537875424231219e-13,4.006641022650901e-14,0.0,0,0,0
87,80,1.0,1.0,103,921,1.8157322088509722e-13,4.2897854678387146e-14,0.0,0,0,0
88,5,0.0,0.0,0,0,3.1721297359188045,0.07553116918367375,0.0,0,0,0
88,10,0.9697265625,0.8252427184466019,85,908,0.07863177402577806,0.0012324794658392342,0.0,0,0,0
88,20,1.0,1.0,103,921,4.0569253515741756e-05,5.13388547756016e-07,0.0,0,0,0
88,40,1.0,1.0,103,921,1.1756548133814337e-12,1.342241983904007e-13,0.0,0,0,0
88,80,1.0,1.0,103,921,1.791624044803683e-13,1.3685657309806176e-13,3.484286963689769e-14,0,0,0
89,5,0.0,0.0,0,0,1.9754241224382605,0.04092826539550606,0.0,0,0,0
89,10,0.9794921875,0.8640776699029126,89,914,0.05447906751468966,0.0005760171340107464,0.0,0,0,0
89,20,1.0,1.0,103,921,1.64823566984981e-05,2.393744829815175e-07,0.0,0,0,0
89,40,1.0,1.0,103,921,4.5355258735035276e-13,1.605282060744426e-13,3.023033181956537e-14,0,0,0
89,80,1.0,1.0,103,921,1.4811417133490417e-13,1.6072017895448487e-13,8.779929878986684e-14,0,0,0
90,5,0.0,0.0,0,0,2.504182968936766,0.08340981844044945,0.0,0,0,0
90,10,0.986328125,0.9320388349514563,96,914,0.056077763257307976,0.0009739454097441417,0.0,0,0,0
90,20,1.0,1.0,103,921,2.9803307549684036e-05,3.4390925697237425e-07,0.0,0,0,0
90,40,1.0,1.0,103,921,4.1189389610666554e-13,1.5210313263305426e-13,4.06497371313332e-14,0,0,0
90,80,1.0,1.0,103,921,1.0291838929501383e-13,1.5372109070634032e-13,1.0939613688104087e-13,0,0,0
91,5,0.0,0.0,0,0,2.322560121232921,0.04000323885166867,0.0,0,0,0
91,10,0.95703125,0.7669902912621359,79,901,0.05833067731080647,0.001308137642858488,0.0,0,0,0
91,20,1.0,1.0,103,921,1.3005555227125091e-05,2.087870162406632e-07,0.0,0,0,0
91,40,1.0,1.0,103,921,1.3669454753599352e-13,2.4923890170488137e-13,1.1137670673834252e-13,0,0,0
91,80,1.0,1.0,103,921,1.3669454753599352e-13,2.4923890170488137e-13,1.1137670673834252e-13,0,0,0
92,5,0.0,0.0,0,0,2.5206242675262662,0.05289655229238584,0.0,0,0,0
92,10,0.951171875,0.7766990291262136,80,894,0.0799449211553167,0.001581053208348722,0.0,0,0,0
92,20,1.0,1.0,103,921,3.54353243923853e-05,4.3960444864004984e-07,0.0,0,0,0
92,40,1.0,1.0,103,921,7.856226484481208e-13,1.5142124527990196e-13,0.0,0,0,0
92,80,1.0,1.0,103,921,1.0429169674638202e-13,1.5175176692671381e-13,8.536797327129968e-14,0,0,0
93,5,0.0966796875,0.0,0,99,1.4267349899688853,0.04775695977333466,0.0,0,0,0
93,10,0.9736328125,0.8737864077669902,90,907,0.05217554446598043,0.0009179043139742289,0.0,0,0,0
93,20,1.0,1.0,103,921,2.21904207062666e-05,2.3684094415318634e-07,0.0,0,0,0
93,40,1.0,1.0,103,921,6.791887183099009e-13,6.265816238068766e-14,0.0,0,0,0
93,80,1.0,1.0,103,921,1.228669832658421e-13,5.672777277680751e-14,1.1659930254444259e-14,0,0,0
94,5,0.0,0.0,0,0,1.317579564567006,0.05285692335683791,0.0,0,0,0
94,10,0.96875,0.8446601941747572,87,905,0.027100812090106705,0.0007746428591804489,0.0,0,0,0
94,20,1.0,1.0,103,921,8.908438243608298e-06,9.529927045760198e-08,0.0,0,0,0
94,40,1.0,1.0,103,921,1.6402969923565446e-13,2.7864566812415442e-14,0.0,0,0,0
94,80,1.0,1.0,103,921,1.2787037750208638e-13,2.7310150318563557e-14,0.0,0,0,0
95,5,0.0,0.0,0,0,2.3336341330974326,0.06771506487879714,0.0,0,0,0
95,10,0.947265625,0.7864077669902912,81,889,0.06376179592114845,0.0013491696228195905,0.0,0,0,0
95,20,1.0,1.0,103,921,5.3486315637587074e-05,1.730933106116139e-06,0.0,0,0,0
95,40,1.0,1.0,103,921,1.3203287392914497e-11,1.4064002531099977e-13,0.0,0,0,0
95,80,1.0,1.0,103,921,1.9610006790057054e-13,5.127962760691048e-14,0.0,0,0,0
96,5,0.0,0.0,0,0,2.228542313397137,0.10541282094726889,0.0,0,0,0
96,10,0.982421875,0.883495145631068,91,915,0.05301285931089948,0.001105348606912471,0.0,0,0,0
96,20,1.0,1.0,103,921,2.979609033166776e-05,4.6362191070011843e-07,0.0,0,0,0
96,40,1.0,1.0,103,921,1.5100024276069253e-12,1.2800379209936066e-13,0.0,0,0,0
96,80,1.0,1.0,103,921,1.8232158516401563e-13,1.1681610023826093e-13,4.8252484938625224e-14,0,0,0
97,5,0.0,0.0,0,0,2.39600087545256,0.03914439733188412,0.0,0,0,0
97,10,0.9765625,0.9029126213592233,93,907,0.032694790013091106,0.00035126007018196,0.0,0,0,0
97,20,1.0,1.0,103,921,3.296590602399441e-06,6.844724148604114e-08,0.0,0,0,0
97,40,1.0,1.0,103,921,1.4142615526267677e-13,2.1948185975883405e-13,1.0668429475892052e-13,0,0,0
97,80,1.0,1.0,103,921,1.4142615526267677e-13,2.1948185975883405e-13,1.0668429475892052e-13,0,0,0
98,5,0.0,0.0,0,0,2.543807187094257,0.05242665637866718,0.0,0,0,0
98,10,0.9521484375,0.7864077669902912,81,894,0.0628978986056881,0.0017755351856019255,0.0,0,0,0
98,20,1.0,1.0,103,921,1.9342519797214883e-05,2.5738279985244563e-07,0.0,0,0,0
98,40,1.0,1.0,103,921,5.428320356902551e-13,7.661528652971583e-14,0.0,0,0,0
98,80,1.0,1.0,103,921,1.5490803855971878e-13,8.077950766124857e-14,2.9586223567072663e-14,0,0,0
99,5,0.0,0.0,0,0,2.4140716680114447,0.08947856174854057,0.0,0,0,0
99,10,0.98046875,0.8932038834951457,92,912,0.04456822229316726,0.0008399885598007647,0.0,0,0,0
99,20,1.0,1.0,103,921,2.4457620975822466e-05,2.8459557078896764e-07,0.0,0,0,0
99,40,1.0,1.0,103,921,8.86436666265888e-13,1.3740981886484034e-13,0.0,0,0,0
99,80,1.0,1.0,103,921,1.4791205403893895e-13,1.3784234037538155e-13,4.8978055832772664e-14,0,0,0
100,5,0.0,0.0,0,0,1.4249339934469234,0.029771827865923594,0.0,0,0,0
100,10,0.9697265625,0.8349514563106796,86,907,0.03340695081312709,0.00040814555740480824,0.0,0,0,0
100,20,1.0,1.0,103,921,9.941601507829096e-06,1.5701630226980646e-07,0.0,0,0,0
100,40,1.0,1.0,103,921,2.506597973415806e-13,8.174414934110482e-14,0.0,0,0,0
100,80,1.0,1.0,103,921,1.3500408690190494e-13,8.152899331171361e-14,2.5657473527454914e-14,0,0,0
101,5,0.0,0.0,0,0,2.5916499394614143,0.054007772150952274,0.0,0,0,0
101,10,0.96484375,0.8543689320388349,88,900,0.053174960945652966,0.0006609785369213124,0.0,0,0,0
101,20,1.0,1.0,103,921,1.0781212640813046e-05,1.5029886587433097e-07,0.0,0,0,0
101,40,1.0,1.0,103,921,1.4524483037304755e-13,3.428736365034415e-13,2.533368404565348e-13,0,0,0
101,80,1.0,1.0,103,921,1.4524483037304755e-13,3.428736365034415e-13,2.533368404565348e-13,0,0,0
102,5,0.0,0.0,0,0,1.4279484650414327,0.04376143880894415,0.0,0,0,0
102,10,0.9619140625,0.8058252427184466,83,902,0.04254680688923645,0.0004862864115993581,0.0,0,0,0
102,20,1.0,1.0,103,921,1.948283132075064e-05,2.71892385966677e-07,0.0,0,0,0
102,40,1.0,1.0,103,921,1.3636431948454124e-12,4.5922060305662936e-14,0.0,0,0,0
102,80,1.0,1.0,103,921,1.2449719119930093e-13,3.910297232833036e-14,0.0,0,0,0
103,5,0.0,0.0,0,0,1.4267403187754912,0.03645317175321749,0.0,0,0,0
103,10,0.98046875,0.941747572815534,97,907,0.024807070335832907,0.0006259507061896148,0.0,0,0,0
103,20,1.0,1.0,103,921,5.355616258196422e-06,8.510474121368949e-08,0.0,0,0,0
103,40,1.0,1.0,103,921,2.8082832253815976e-13,7.264147439981863e-14,0.0,0,0,0
103,80,1.0,1.0,103,921,8.748148237762254e-14,7.217898862213299e-14,3.153511477073666e-14,0,0,0
104,5,0.0,0.0,0,0,3.0200883702079078,0.04898296019180485,0.0,0,0,0
104,10,0.9501953125,0.7281553398058253,75,898,0.07389957431904993,0.0013521146260524564,0.0,0,0,0
104,20,1.0,1.0,103,921,3.183121033568442e-05,2.9755921576047887e-07,0.0,0,0,0
104,40,1.0,1.0,103,921,7.581019633999816e-13,1.4097823055569043e-13,0.0,0,0,0
104,80,1.0,1.0,103,921,2.315311545068818e-13,1.4315580405226858e-13,4.897306472185307e-14,0,0,0
105,5,0.0,0.0,0,0,3.1892654870908603,0.057265170156329634,0.0,0,0,0
105,10,0.9755859375,0.8737864077669902,90,909,0.034525095307822384,0.0004990894909174834,0.0,0,0,0
105,20,1.0,1.0,103,921,6.140040315769352e-06,1.1723908418522976e-07,0.0,0,0,0
105,40,1.0,1.0,103,921,2.4924183009185263e-13,8.907814253302003e-13,4.916488635003856e-13,0,0,0
105,80,1.0,1.0,103,921,2.4924183009185263e-13,8.907814253302003e-13,4.916488635003856e-13,0,0,0
106,5,0.0,0.0,0,0,2.6657099454732323,0.05166922480687743,0.0,0,0,0
106,10,0.9619140625,0.8640776699029126,89,896,0.07449223356408756,0.0017641892386962526,0.0,0,0,0
106,20,1.0,1.0,103,921,2.4781158263643515e-05,6.054316440172018e-07,0.0,0,0,0
106,40,1.0,1.0,103,921,7.295231213268592e-13,1.9715951625945797e-13,0.0,0,0,0
106,80,1.0,1.0,103,921,2.1932728321414123e-13,1.9339036294693277e-13,7.006339548979112e-14,0,0,0
107,5,0.0,0.0,0,0,2.8927876200004623,0.052011403834028636,0.0,0,0,0
107,10,0.9365234375,0.7378640776699029,76,883,0.0930513026068595,0.001473673553842568,0.0,0,0,0
107,20,1.0,1.0,103,921,4.597832871361903e-05,1.2600163735243024e-06,0.0,0,0,0
107,40,1.0,1.0,103,921,5.297275981771074e-12,5.393894905567555e-14,0.0,0,0,0
107,80,1.0,1.0,103,921,1.4005409048487875e-13,3.940300024464061e-14,0.0,0,0,0
108,5,0.0,0.0,0,0,3.9215564887414787,0.06751882057637701,0.0,0,0,0
108,10,0.947265625,0.7572815533980582,78,892,0.10321216609078264,0.0022311928882541594,0.0,0,0,0
108,20,1.0,1.0,103,921,5.739670268722873e-05,1.0287381221124665e-06,0.0,0,0,0
108,40,1.0,1.0,103,921,3.582662407393681e-12,1.8777716064049784e-13,0.0,0,0,0
108,80,1.0,1.0,103,921,2.1690527158307447e-13,2.0939840448439718e-13,1.106465144563274e-13,0,0,0
109,5,0.0,0.0,0,0,2.4454692855782305,0.07859744834935195,0.0,0,0,0
109,10,0.974609375,0.912621359223301,94,904,0.053814961799276306,0.0011163819227814865,0.0,0,0,0
109,20,1.0,1.0,103,921,1.7847036435817857e-05,2.568885063407748e-07,0.0,0,0,0
109,40,1.0,1.0,103,921,2.6974876315589963e-13,4.570326247619452e-14,0.0,0,0,0
109,80,1.0,1.0,103,921,1.20106065375021e-13,4.6325168361444596e-14,1.9850985662198547e-14,0,0,0
110,5,0.0,0.0,0,0,3.855208736708099,0.08409241672869336,0.0,0,0,0
110,10,0.9775390625,0.9320388349514563,96,905,0.034634204747580624,0.0005447374795782536,0.0,0,0,0
110,20,1.0,1.0,103,921,5.496781740801891e-06,8.96425378211691e-08,0.0,0,0,0
110,40,1.0,1.0,103,921,2.663889353161605e-13,2.708875553538938e-13,1.3220799216789394e-13,0,0,0
110,80,1.0,1.0,103,921,2.663889353161605e-13,2.708875553538938e-13,1.3220799216789394e-13,0,0,0
111,5,0.0,0.0,0,0,2.599225310907977,0.044271399080770726,0.0,0,0,0
111,10,0.984375,0.912621359223301,94,914,0.03538576893247181,0.00021472941126592053,0.0,0,0,0
111,20,1.0,1.0,103,921,3.420238794955689e-06,3.804388309978714e-08,0.0,0,0,0
111,40,1.0,1.0,103,921,1.6848047492055113e-13,2.937699757488874e-13,1.0154444381588973e-13,0,0,0
111,80,1.0,1.0,103,921,1.6848047492055113e-13,2.937699757488874e-13,1.0154444381588973e-13,0,0,0
112,5,0.0,0.0,0,0,2.8107349804511834,0.06548509272640732,0.0,0,0,0
112,10,0.9345703125,0.7864077669902912,81,876,0.10005182390709547,0.0013504487003881045,0.0,0,0,0
112,20,1.0,1.0,103,921,2.7691114509140125e-05,3.7250058524246433e-07,0.0,0,0,0
112,40,1.0,1.0,103,921,1.2740512337747625e-12,4.741722881517904e-14,0.0,0,0,0
112,80,1.0,1.0,103,921,1.5278123568824342e-13,4.1757477573028533e-14,0.0,0,0,0
113,5,0.0,0.0,0,0,3.508689585400971,0.06158785437338142,0.0,0,0,0
113,10,0.931640625,0.7669902912621359,79,875,0.09869103996816035,0.0012913695359496155,0.0,0,0,0
113,20,1.0,1.0,103,921,5.289855748639711e-05,1.1021099946077593e-06,0.0,0,0,0
113,40,1.0,1.0,103,921,6.9422967447467845e-12,1.5052316672660847e-13,0.0,0,0,0
113,80,1.0,1.0,103,921,2.830189437975149e-13,8.930649587069414e-14,0.0,0,0,0
114,5,0.0,0.0,0,0,2.8170824028604002,0.06902410306866721,0.0,0,0,0
114,10,0.9658203125,0.8446601941747572,87,902,0.05153446204982138,0.0012416448971433996,0.0,0,0,0
114,20,1.0,1.0,103,921,1.0887792206336742e-05,1.6942933224633046e-07,0.0,0,0,0
114,40,1.0,1.0,103,921,4.122107762737623e-13,1.8317143772922025e-13,0.0,0,0,0
114,80,1.0,1.0,103,921,1.5892712274042688e-13,1.8543417719622464e-13,7.023561132033303e-14,0,0,0
115,5,0.0,0.0,0,0,2.555016361561557,0.046957890370999796,0.0,0,0,0
115,10,0.9765625,0.8737864077669902,90,910,0.04292139066523391,0.0006001342476588646,0.0,0,0,0
115,20,1.0,1.0,103,921,9.526447110724463e-06,1.4108591506769448e-07,0.0,0,0,0
115,40,1.0,1.0,103,921,4.820557229290265e-13,3.2020599136416324e-13,1.1214981201943829e-13,0,0,0
115,80,1.0,1.0,103,921,1.2818991532817614e-13,3.1969393185510203e-13,1.9110060808502298e-13,0,0,0
116,5,0.0,0.0,0,0,2.6369965926897603,0.05641150561215329,0.0,0,0,0
116,10,0.9755859375,0.8737864077669902,90,909,0.056217966023014,0.0005378370922860775,0.0,0,0,0
116,20,1.0,1.0,103,921,6.015318217513956e-06,8.762590348455713e-08,0.0,0,0,0
116,40,1.0,1.0,103,921,2.074177199247615e-13,1.999024206985782e-13,6.10936121989255e-14,0,0,0
116,80,1.0,1.0,103,921,2.074177199247615e-13,1.999024206985782e-13,6.10936121989255e-14,0,0,0
117,5,0.0,0.0,0,0,1.6030509069316103,0.04284633703866922,0.0,0,0,0
117,10,0.9423828125,0.8058252427184466,83,882,0.04930495931873373,0.0008984054613711742,0.0,0,0,0
117,20,1.0,1.0,103,921,2.4474894424630988e-05,5.796159256298086e-07,0.0,0,0,0
117,40,1.0,1.0,103,921,3.732658663637742e-12,4.963459992458673e-14,0.0,0,0,0
117,80,1.0,1.0,103,921,1.3613051348546172e-13,6.871730027148689e-14,1.1503743906928658e-14,0,0,0
118,5,0.0,0.0,0,0,1.6980837995138227,0.04473825895923131,0.0,0,0,0
118,10,0.96875,0.8737864077669902,90,902,0.04200404288063721,0.0009117560499952001,0.0,0,0,0
118,20,1.0,1.0,103,921,4.319576176491489e-05,9.358380490973994e-07,0.0,0,0,0
118,40,1.0,1.0,103,921,3.2689732471278215e-12,7.159142480371654e-14,0.0,0,0,0
118,80,1.0,1.0,103,921,1.5300342108789914e-13,5.071556420879845e-14,7.748451015810602e-16,0,0,0
119,5,0.0,0.0,0,0,3.3293590141456297,0.06731500156851984,0.0,0,0,0
119,10,0.9716796875,0.8640776699029126,89,906,0.05548452998405207,0.0016484222604723129,0.0,0,0,0
119,20,1.0,1.0,103,921,2.2339991361258886e-05,4.6476169859495706e-07,0.0,0,0,0
119,40,1.0,1.0,103,921,7.282908536741794e-13,2.2699241341388557e-13,0.0,0,0,0
119,80,1.0,1.0,103,921,1.394922055270565e-13,2.2806441377998305e-13,1.1035867393493684e-13,0,0,0
120,5,0.0,0.0,0,0,2.3673951103487774,0.07080074816508033,0.0,0,0,0
120,10,0.974609375,0.8737864077669902,90,908,0.06443530837076501,0.0012507021936628753,0.0,0,0,0
120,20,1.0,1.0,103,921,3.636399090894298e-05,3.915974042782984e-07,0.0,0,0,0
120,40,1.0,1.0,103,921,8.458375213400438e-13,5.603110522882375e-14,0.0,0,0,0
120,80,1.0,1.0,103,921,1.272523811352775e-13,5.994812973659453e-14,1.8064102521669732e-14,0,0,0
121,5,0.0,0.0,0,0,1.983070203106189,0.03400197941737225,0.0,0,0,0
121,10,0.9892578125,0.941747572815534,97,916,0.021972128012766358,0.00024248520487820852,0.0,0,0,0
121,20,1.0,1.0,103,921,3.5668243964056926e-06,6.792293816510831e-08,0.0,0,0,0
121,40,1.0,1.0,103,921,1.4455366504906194e-13,8.710495756038772e-14,4.0975308304899976e-14,0,0,0
121,80,1.0,1.0,103,921,1.4455366504906194e-13,8.710495756038772e-14,4.0975308304899976e-14,0,0,0
122,5,0.0,0.0,0,0,1.9962681445404329,0.04494248375387661,0.0,0,0,0
122,10,0.9560546875,0.8252427184466019,85,894,0.07203751389917283,0.0010311515901865263,0.0,0,0,0
122,20,1.0,1.0,103,921,3.781612278380238e-05,5.087152285148183e-07,0.0,0,0,0
122,40,1.0,1.0,103,921,2.9980382553916374e-12,4.6184968161403094e-14,0.0,0,0,0
122,80,1.0,1.0,103,921,1.989621065389203e-13,3.8584649525533323e-14,0.0,0,0,0
123,5,0.0,0.0,0,0,2.4936794416724863,0.03202978659021513,0.0,0,0,0
123,10,0.966796875,0.8543689320388349,88,902,0.06261022017624031,0.0009367726352285538,0.0,0,0,0
123,20,1.0,1.0,103,921,1.843721056360824e-05,2.0354494571177494e-07,0.0,0,0,0
123,40,1.0,1.0,103,921,2.9751643723327766e-13,1.8806333024596247e-13,3.740683090497029e-14,0,0,0
123,80,1.0,1.0,103,921,7.876106643905656e-14,1.9296289662124447e-13,9.405643458964238e-14,0,0,0
124,5,0.0,0.0,0,0,3.5284526479700444,0.057498135585759794,0.0,0,0,0
124,10,0.9736328125,0.8737864077669902,90,907,0.09068248067267845,0.0012661413834890941,0.0,0,0,0
124,20,1.0,1.0,103,921,2.141183525970634e-05,2.4224954878163453e-07,0.0,0,0,0
124,40,1.0,1.0,103,921,5.45194196422589e-13,1.5046981102312209e-13,0.0,0,0,0
124,80,1.0,1.0,103,921,2.0299555835720805e-13,1.5028921263061354e-13,3.486500762870026e-14,0,0,0
125,5,0.0,0.0,0,0,3.0609407620886735,0.04988193234903894,0.0,0,0,0
125,10,0.943359375,0.7766990291262136,80,886,0.09082356442457339,0.0016937824993252012,0.0,0,0,0
125,20,1.0,1.0,103,921,4.678358996805355e-05,7.081837271948903e-07,0.0,0,0,0
125,40,1.0,1.0,103,921,3.0678921882373845e-12,1.6714773235518254e-13,0.0,0,0,0
125,80,1.0,1.0,103,921,1.576178818259016e-13,1.2606822516246957e-13,3.311893136290837e-14,0,0,0
126,5,0.0,0.0,0,0,3.452044134579989,0.08481830097136449,0.0,0,0,0
126,10,0.9365234375,0.7669902912621359,79,880,0.10721421539283406,0.0018710617601136123,0.0,0,0,0
126,20,0.998046875,0.9902912621359223,102,920,7.077975331981882e-05,6.991157546606294e-07,0.0,0,0,0
126,40,1.0,1.0,103,921,2.1984429980865424e-12,3.2478418204489497e-13,0.0,0,0,0
126,80,1.0,1.0,103,921,1.8937838233599128e-13,3.3164977466444753e-13,1.0363253197087043e-13,0,0,0
127,5,0.0,0.0,0,0,2.2011038285751128,0.044031897183753624,0.0,0,0,0
127,10,0.98828125,0.941747572815534,97,915,0.017724950241666527,0.0002696620357765951,0.0,0,0,0
127,20,1.0,1.0,103,921,2.978822514384611e-06,5.577279206467462e-08,0.0,0,0,0
127,40,1.0,1.0,103,921,1.2273430054987895e-13,2.3484715895512524e-13,1.4521525715711807e-13,0,0,0
127,80,1.0,1.0,103,921,1.2273430054987895e-13,2.3484715895512524e-13,1.4521525715711807e-13,0,0,0
128,5,0.0,0.0,0,0,2.0729822920434895,0.07453267725813534,0.0,0,0,0
128,10,0.9501953125,0.7766990291262136,80,893,0.06534354881783982,0.0009010451627635953,0.0,0,0,0
128,20,1.0,1.0,103,921,2.57370943823537e-05,4.408008530475507e-07,0.0,0,0,0
128,40,1.0,1.0,103,921,1.0764164864427672e-12,3.7050626030453134e-14,0.0,0,0,0
128,80,1.0,1.0,103,921,1.6852221874283047e-13,3.7947365435761046e-14,0.0,0,0,0
129,5,0.0,0.0,0,0,2.4337975266880605,0.050746799436103,0.0,0,0,0
129,10,0.96875,0.8446601941747572,87,905,0.05174124988818593,0.0008675802341524933,0.0,0,0,0
129,20,1.0,1.0,103,921,2.3793012681820303e-05,6.384763223248104e-07,0.0,0,0,0
129,40,1.0,1.0,103,921,6.018061807038655e-13,1.0868955680921134e-13,0.0,0,0,0
129,80,1.0,1.0,103,921,2.4959400455852196e-13,1.0973709950824548e-13,3.938358961067062e-14,0,0,0
130,5,0.0,0.0,0,0,2.567437943480565,0.05000373755332105,0.0,0,0,0
130,10,0.9638671875,0.8058252427184466,83,904,0.0693058100383504,0.0011251641738142608,0.0,0,0,0
130,20,1.0,1.0,103,921,1.8611794588891417e-05,3.3852278371017145e-07,0.0,0,0,0
130,40,1.0,1.0,103,921,6.83995267319816e-13,8.09519735229027e-14,0.0,0,0,0
130,80,1.0,1.0,103,921,2.377813474554767e-13,7.433632304796688e-14,5.95206367535088e-15,0,0,0
131,5,0.0,0.0,0,0,2.2042732341695452,0.06682116424305369,0.0,0,0,0
131,10,0.9755859375,0.883495145631068,91,908,0.056596764313741894,0.0006365930681846633,0.0,0,0,0
131,20,1.0,1.0,103,921,3.8039705367727526e-06,5.2763718190786506e-08,0.0,0,0,0
131,40,1.0,1.0,103,921,1.5735244068754996e-13,6.60961066669275e-14,2.7977720267800356e-14,0,0,0
131,80,1.0,1.0,103,921,1.5735244068754996e-13,6.60961066669275e-14,2.7977720267800356e-14,0,0,0
132,5,0.0048828125,0.04854368932038835,5,0,2.0385957503550656,0.04126424392196449,0.0,0,0,0
132,10,0.96875,0.8543689320388349,88,904,0.04281635101809203,0.00028484191985063997,0.0,0,0,0
132,20,1.0,1.0,103,921,2.5254730807843724e-06,4.915427742297642e-08,0.0,0,0,0
132,40,1.0,1.0,103,921,1.4072356129548272e-13,1.4432060095836296e-13,5.149600821329762e-14,0,0,0
132,80,1.0,1.0,103,921,1.4072356129548272e-13,1.4432060095836296e-13,5.149600821329762e-14,0,0,0
133,5,0.0,0.0,0,0,2.0810405948352297,0.042984411409759095,0.0,0,0,0
133,10,0.978515625,0.9514563106796117,98,904,0.053715524199187535,0.0011812073400330847,0.0,0,0,0
133,20,1.0,1.0,103,921,9.373327300602917e-06,1.6745653657447095e-07,0.0,0,0,0
133,40,1.0,1.0,103,921,9.930763231181133e-14,2.543437971988336e-13,1.4412951312462313e-13,0,0,0
133,80,1.0,1.0,103,921,9.930763231181133e-14,2.543437971988336e-13,1.4412951312462313e-13,0,0,0
134,5,0.0,0.0,0,0,2.881424233794699,0.05730771715969358,0.0,0,0,0
134,10,0.9306640625,0.6601941747572816,68,885,0.0893776646162803,0.0020067786547362564,0.0,0,0,0
134,20,1.0,1.0,103,921,2.9602568227566154e-05,4.276732267143279e-07,0.0,0,0,0
134,40,1.0,1.0,103,921,1.280091407303757e-12,1.2868025194563713e-13,0.0,0,0,0
134,80,1.0,1.0,103,921,1.7104161106214908e-13,1.3590284382709714e-13,2.4863113211251342e-14,0,0,0
135,5,0.0,0.0,0,0,2.242430505142224,0.08974520584335015,0.0,0,0,0
135,10,0.966796875,0.8640776699029126,89,901,0.05184403013744426,0.0010610076085262618,0.0,0,0,0
135,20,1.0,1.0,103,921,2.9900550860452747e-05,4.1249679238899467e-07,0.0,0,0,0
135,40,1.0,1.0,103,921,1.596957059475941e-12,1.8417868963724576e-13,0.0,0,0,0
135,80,1.0,1.0,103,921,1.6795168711222927e-13,1.8853154420113742e-13,8.437717532215702e-14,0,0,0
136,5,0.0,0.0,0,0,2.1120767254402,0.040798945835005984,0.0,0,0,0
136,10,0.9541015625,0.7766990291262136,80,897,0.05748832085341565,0.000939437464340103,0.0,0,0,0
136,20,1.0,1.0,103,921,1.6408243761788335e-05,2.967666393894656e-07,0.0,0,0,0
136,40,1.0,1.0,103,921,1.893222072297969e-12,1.7546322798693315e-13,0.0,0,0,0
136,80,1.0,1.0,103,921,1.5421321996894986e-13,1.7497340890687182e-13,1.0246176494361281e-13,0,0,0
137,5,0.0,0.0,0,0,2.3247841510048306,0.08631059028380278,0.0,0,0,0
137,10,0.9755859375,0.8737864077669902,90,909,0.04108925654286182,0.0009952365781174578,0.0,0,0,0
137,20,1.0,1.0,103,921,1.5406365270718953e-05,1.361227771899652e-07,0.0,0,0,0
137,40,1.0,1.0,103,921,4.4163058531663793e-13,1.0188891123504917e-13,0.0,0,0,0
137,80,1.0,1.0,103,921,1.2451790338994996e-13,1.030539808192775e-13,2.9381549887385715e-14,0,0,0
138,5,0.0,0.0,0,0,3.327803935356338,0.07238319037817953,0.0,0,0,0
138,10,0.9501953125,0.7864077669902912,81,892,0.09781927801726865,0.001094314108859769,0.0,0,0,0
138,20,1.0,1.0,103,921,3.460052748030498e-05,6.165363283814422e-07,0.0,0,0,0
138,40,1.0,1.0,103,921,1.6516667755074643e-12,2.5002144147452227e-13,0.0,0,0,0
138,80,1.0,1.0,103,921,1.6411342298198693e-13,2.533945498775629e-13,1.0039308783858814e-13,0,0,0
139,5,0.0,0.0,0,0,1.9261173131222613,0.04216605013647649,0.0,0,0,0
139,10,0.9775390625,0.912621359223301,94,907,0.04496786692674117,0.0011738563670983366,0.0,0,0,0
139,20,1.0,1.0,103,921,2.2132842561572782e-05,2.3370001041092858e-07,0.0,0,0,0
139,40,1.0,1.0,103,921,3.3908040322307173e-13,9.976363654515832e-14,0.0,0,0,0
139,80,1.0,1.0,103,921,1.2174694388061415e-13,9.850963043504011e-14,4.664479981703822e-14,0,0,0
140,5,0.001953125,0.019417475728155338,2,0,1.7650597780739545,0.0634695692136295,0.0,0,0,0
140,10,0.986328125,0.941747572815534,97,913,0.03904722639307364,0.00048443435990621394,0.0,0,0,0
140,20,1.0,1.0,103,921,1.2558625938999431e-05,1.7796195585322996e-07,0.0,0,0,0
140,40,1.0,1.0,103,921,2.7086384145342756e-13,1.339864667401323e-13,4.5449393162066765e-14,0,0,0
140,80,1.0,1.0,103,921,1.0953021773588312e-13,1.3205161788770433e-13,7.160597733971263e-14,0,0,0
141,5,0.0,0.0,0,0,1.4077655654699903,0.02197690353547233,0.0,0,0,0
141,10,0.9912109375,0.9320388349514563,96,919,0.00863123508231393,0.0001894898227789519,0.0,0,0,0
141,20,1.0,1.0,103,921,1.776486015538621e-06,1.8722869332669854e-08,0.0,0,0,0
141,40,1.0,1.0,103,921,8.915114071617963e-14,1.87024768781885e-13,1.561326088137592e-13,0,0,0
141,80,1.0,1.0,103,921,8.915114071617963e-14,1.87024768781885e-13,1.561326088137592e-13,0,0,0
142,5,0.0,0.0,0,0,2.8532616909391546,0.07692725356163807,0.0,0,0,0
142,10,0.962890625,0.8155339805825242,84,902,0.04250585161708207,0.0010925699516030442,0.0,0,0,0
142,20,1.0,1.0,103,921,2.0993096182359234e-05,2.575208852009733e-07,0.0,0,0,0
142,40,1.0,1.0,103,921,6.328814901655941e-13,3.302426005003326e-13,9.400052011446374e-14,0,0,0
142,80,1.0,1.0,103,921,2.2353135818400563e-13,3.3143257380723984e-13,1.97016072030972e-13,0,0,0
143,5,0.0,0.0,0,0,2.741191190199984,0.05314907132198382,0.0,0,0,0
143,10,0.9482421875,0.7669902912621359,79,892,0.08257027434178,0.0014194080306958424,0.0,0,0,0
143,20,1.0,1.0,103,921,3.9263143438740384e-05,8.727674229026136e-07,0.0,0,0,0
143,40,1.0,1.0,103,921,6.873096802222661e-13,1.203093839224e-13,0.0,0,0,0
143,80,1.0,1.0,103,921,2.1226285937509452e-13,1.2217074452903086e-13,4.0495190272569453e-14,0,0,0
144,5,0.0,0.0,0,0,2.112732835440947,0.020871872944473954,0.0,0,0,0
144,10,0.9931640625,0.9611650485436893,99,918,0.018156883267879287,0.0002569310155607964,0.0,0,0,0
144,20,1.0,1.0,103,921,5.683685935543991e-07,4.174106600856681e-09,0.0,0,0,0
144,40,1.0,1.0,103,921,4.927900108595673e-14,2.164877804500859e-13,1.5703072876327759e-13,0,0,0
144,80,1.0,1.0,103,921,4.927900108595673e-14,2.164877804500859e-13,1.5703072876327759e-13,0,0,0
145,5,0.0,0.0,0,0,3.285549086678604,0.08760340653018947,0.0,0,0,0
145,10,0.9443359375,0.6990291262135923,72,895,0.07536239261042812,0.0015650074370148158,0.0,0,0,0
145,20,1.0,1.0,103,921,1.7219374268562643e-05,3.250120309350839e-07,0.0,0,0,0
145,40,1.0,1.0,103,921,3.1095513626329066e-13,2.475888664854453e-13,7.706032404772805e-14,0,0,0
145,80,1.0,1.0,103,921,1.9493036832323558e-13,2.4906707236916554e-13,1.0612406314751978e-13,0,0,0
146,5,0.0,0.0,0,0,2.386990244713782,0.03958868233106077,0.0,0,0,0
146,10,0.9384765625,0.7669902912621359,79,882,0.08162141802868957,0.0016820945530781936,0.0,0,0,0
146,20,1.0,1.0,103,921,3.4733574190034625e-05,6.18188996978918e-07,0.0,0,0,0
146,40,1.0,1.0,103,921,1.2562132158314691e-12,1.6534572518675024e-13,0.0,0,0,0
146,80,1.0,1.0,103,921,1.248466145818012e-13,1.608611028585159e-13,8.278818392295349e-14,0,0,0
147,5,0.0,0.0,0,0,2.537377572426019,0.05132280079963192,0.0,0,0,0
147,10,0.9541015625,0.8252427184466019,85,892,0.0754470273059439,0.0009833388950085604,0.0,0,0,0
147,20,1.0,1.0,103,921,2.9317679715979743e-05,3.736886280470651e-07,0.0,0,0,0
147,40,1.0,1.0,103,921,4.150524795266578e-13,4.1515443051658063e-13,1.3278373484762522e-13,0,0,0
147,80,1.0,1.0,103,921,1.8957962410474866e-13,4.1457165689326976e-13,1.8742659591822907e-13,0,0,0
148,5,0.0,0.0,0,0,3.092480170400592,0.057298844167200054,0.0,0,0,0
148,10,0.9541015625,0.7961165048543689,82,895,0.09583908003960145,0.0016408179059036777,0.0,0,0,0
148,20,1.0,1.0,103,921,2.1978145762259822e-05,2.85820606751367e-07,0.0,0,0,0
148,40,1.0,1.0,103,921,4.1724997479376147e-13,1.9138593680976832e-13,9.206759480676646e-15,0,0,0
148,80,1.0,1.0,103,921,1.881370199639649e-13,1.9065547441415822e-13,5.703361834566441e-14,0,0,0
149,5,0.0,0.0,0,0,1.9582946144741369,0.03755681419038343,0.0,0,0,0
149,10,0.9873046875,0.9514563106796117,98,913,0.04991228284291684,0.0007665718033556986,0.0,0,0,0
149,20,1.0,1.0,103,921,1.826292464398351e-05,3.582494205058199e-07,0.0,0,0,0
149,40,1.0,1.0,103,921,1.0230991696769983e-12,3.6942376277243316e-14,0.0,0,0,0
149,80,1.0,1.0,103,921,1.4212018173384652e-13,3.356968624482271e-14,4.634096970457603e-15,0,0,0
150,5,0.0,0.0,0,0,2.0471642180433647,0.0344962099135038,0.0,0,0,0
150,10,0.978515625,0.9320388349514563,96,906,0.02430293541052775,0.00032844004518117905,0.0,0,0,0
150,20,1.0,1.0,103,921,3.3227020345520088e-06,7.776753301505151e-08,0.0,0,0,0
150,40,1.0,1.0,103,921,1.693471750090711e-13,7.14591176468427e-13,3.8639573400244345e-13,0,0,0
150,80,1.0,1.0,103,921,1.693471750090711e-13,7.14591176468427e-13,3.8639573400244345e-13,0,0,0
151,5,0.0,0.0,0,0,3.657867780704032,0.07644284232157963,0.0,0,0,0
151,10,0.92578125,0.6796116504854369,70,878,0.12021718913045702,0.0017821209643242718,0.0,0,0,0
151,20,1.0,1.0,103,921,5.6477914471858726e-05,6.789218064366648e-07,0.0,0,0,0
151,40,1.0,1.0,103,921,2.027759228361702e-12,3.694748036177646e-13,0.0,0,0,0
151,80,1.0,1.0,103,921,1.644014883873082e-13,3.705275450274281e-13,1.6038459213952412e-13,0,0,0
152,5,0.0126953125,0.1262135922330097,13,0,1.5651440307814048,0.03380715525576398,0.0,0,0,0
152,10,0.9921875,0.9611650485436893,99,917,0.03849906007084274,0.000361908383847143,0.0,0,0,0
152,20,1.0,1.0,103,921,4.896488777355254e-06,2.44283621586307e-08,0.0,0,0,0
152,40,1.0,1.0,103,921,1.214178033276115e-13,3.3767624601995893e-13,1.3373623461007718e-13,0,0,0
152,80,1.0,1.0,103,921,1.214178033276115e-13,3.3767624601995893e-13,1.3373623461007718e-13,0,0,0
153,5,0.0,0.0,0,0,3.10312260209992,0.0743696703236332,0.0,0,0,0
153,10,0.9404296875,0.7087378640776699,73,890,0.07556304825494702,0.0016783184945567534,0.0,0,0,0
153,20,1.0,1.0,103,921,3.009895876947751e-05,8.853234383241378e-07,0.0,0,0,0
153,40,1.0,1.0,103,921,2.2076823505149344e-12,1.6082703752964667e-13,0.0,0,0,0
153,80,1.0,1.0,103,921,1.9021868164015093e-13,1.572750181479383e-13,7.044087648220352e-14,0,0,0
154,5,0.0,0.0,0,0,4.548763232448983,0.06408337934551417,0.0,0,0,0
154,10,0.9150390625,0.6699029126213593,69,868,0.11943579377220329,0.0016344368488109995,0.0,0,0,0
154,20,1.0,1.0,103,921,3.2056412488270624e-05,5.912049797992326e-07,0.0,0,0,0
154,40,1.0,1.0,103,921,1.2053563117097597e-12,7.962345035601235e-14,0.0,0,0,0
154,80,1.0,1.0,103,921,3.052774374865037e-13,7.591074060330207e-14,0.0,0,0,0
155,5,0.0,0.0,0,0,3.1768614067457777,0.07516989266290573,0.0,0,0,0
155,10,0.982421875,0.9029126213592233,93,913,0.030476899696441673,0.0004900512423130768,0.0,0,0,0
155,20,1.0,1.0,103,921,4.830663210389312e-06,1.1037590060497173e-07,0.0,0,0,0
155,40,1.0,1.0,103,921,1.8613466057713246e-13,4.2050308785752357e-13,1.406857962583685e-13,0,0,0
155,80,1.0,1.0,103,921,1.8613466057713246e-13,4.2050308785752357e-13,1.406857962583685e-13,0,0,0
156,5,0.0,0.0,0,0,3.048824375351579,0.07661600135812703,0.0,0,0,0
156,10,0.9404296875,0.7475728155339806,77,886,0.08096002554237361,0.0016787161619396687,0.0,0,0,0
156,20,1.0,1.0,103,921,2.904185704038967e-05,5.982764639241929e-07,0.0,0,0,0
156,40,1.0,1.0,103,921,9.004328693477903e-13,2.917786784951301e-13,0.0,0,0,0
156,80,1.0,1.0,103,921,1.4720232866721952e-13,3.004788394533455e-13,1.2914500283605835e-13,0,0,0
157,5,0.0,0.0,0,0,2.0308300097728282,0.04491770334278291,0.0,0,0,0
157,10,0.966796875,0.8446601941747572,87,903,0.05154687874688351,0.000951620165550974,0.0,0,0,0
157,20,1.0,1.0,103,921,3.3788910242599355e-05,4.278002592521775e-07,0.0,0,0,0
157,40,1.0,1.0,103,921,7.399191256679084e-13,7.662975596721463e-14,0.0,0,0,0
157,80,1.0,1.0,103,921,1.6525514870783498e-13,6.506848483792864e-14,0.0,0,0,0
158,5,0.0,0.0,0,0,1.386477629025653,0.040705438714186803,0.0,0,0,0
158,10,0.9794921875,0.9029126213592233,93,910,0.023028734006438522,0.00040511121123682766,0.0,0,0,0
158,20,1.0,1.0,103,921,6.155078982792845e-06,7.142197338229688e-08,0.0,0,0,0
158,40,1.0,1.0,103,921,2.0794559958921215e-13,5.574541462336522e-14,3.927187721957936e-15,0,0,0
158,80,1.0,1.0,103,921,1.3129683118852743e-13,5.5494502614397e-14,2.8602652008562916e-14,0,0,0
159,5,0.0,0.0,0,0,3.0121451570197193,0.06300254109404416,0.0,0,0,0
159,10,0.966796875,0.8349514563106796,86,904,0.07188240817223965,0.0014993991900399686,0.0,0,0,0
159,20,1.0,1.0,103,921,3.0411271769502665e-05,1.1304409148489506e-06,0.0,0,0,0
159,40,1.0,1.0,103,921,1.5668018621678702e-12,2.622006780535132e-13,0.0,0,0,0
159,80,1.0,1.0,103,921,1.563101460166631e-13,2.6016192410718083e-13,8.853323922766723e-14,0,0,0
160,5,0.0,0.0,0,0,3.4171929877228333,0.08440810524018101,0.0,0,0,0
160,10,0.935546875,0.7087378640776699,73,885,0.0960353387694223,0.0018248123568609755,0.0,0,0,0
160,20,1.0,1.0,103,921,4.719950290931513e-05,6.344254151954258e-07,0.0,0,0,0
160,40,1.0,1.0,103,921,2.051839219691195e-12,1.0010049766009305e-13,0.0,0,0,0
160,80,1.0,1.0,103,921,2.1319691206772798e-13,9.516453734471627e-14,1.0927552677400632e-14,0,0,0
161,5,0.0,0.0,0,0,2.993724015145577,0.05784357427108394,0.0,0,0,0
161,10,0.98046875,0.9223300970873787,95,909,0.025019288447419866,0.0006034855626997539,0.0,0,0,0
161,20,1.0,1.0,103,921,5.026967573903699e-06,6.55235465303805e-08,0.0,0,0,0
161,40,1.0,1.0,103,921,1.5493424761351614e-13,2.851717779464575e-13,1.4642092864074068e-13,0,0,0
161,80,1.0,1.0,103,921,1.5493424761351614e-13,2.851717779464575e-13,1.4642092864074068e-13,0,0,0
162,5,0.0009765625,0.009708737864077669,1,0,2.4850861018148076,0.036119114426692446,0.0,0,0,0
162,10,0.9765625,0.8640776699029126,89,911,0.061955445073206765,0.0007905809548708222,0.0,0,0,0
162,20,1.0,1.0,103,921,1.3835118885943042e-05,1.4262857738151582e-07,0.0,0,0,0
162,40,1.0,1.0,103,921,1.1239969624150364e-13,2.3726583725794857e-13,1.0171919460793739e-13,0,0,0
162,80,1.0,1.0,103,921,1.1239969624150364e-13,2.3726583725794857e-13,1.0171919460793739e-13,0,0,0
163,5,0.0,0.0,0,0,3.39281525668147,0.06329034326264976,0.0,0,0,0
163,10,0.939453125,0.7087378640776699,73,889,0.106923538829219,0.0021280074856440735,0.0,0,0,0
163,20,1.0,1.0,103,921,7.33533350319989e-05,8.567313243714921e-07,0.0,0,0,0
163,40,1.0,1.0,103,921,8.6254851297671e-12,2.594263666204904e-13,0.0,0,0,0
163,80,1.0,1.0,103,921,2.7413500810359344e-13,2.0457230382950448e-13,5.290193332194706e-14,0,0,0
164,5,0.0,0.0,0,0,3.6652053530593194,0.051538263275889416,0.0,0,0,0
164,10,0.966796875,0.883495145631068,91,899,0.044499012281030204,0.0005798950715828089,0.0,0,0,0
164,20,1.0,1.0,103,921,4.216779238978154e-06,8.527271906408588e-08,0.0,0,0,0
164,40,1.0,1.0,103,921,1.7572519096931918e-13,2.5686908636730865e-13,1.1755333858176445e-13,0,0,0
164,80,1.0,1.0,103,921,1.7572519096931918e-13,2.5686908636730865e-13,1.1755333858176445e-13,0,0,0
165,5,0.0,0.0,0,0,1.6792224496677721,0.05593375582626696,0.0,0,0,0
165,10,0.9814453125,0.9514563106796117,98,907,0.026185130123302272,0.0003336972761206451,0.0,0,0,0
165,20,1.0,1.0,103,921,3.3581900288035417e-06,4.7483356416300266e-08,0.0,0,0,0
165,40,1.0,1.0,103,921,9.451177471852455e-14,1.603142466807443e-13,9.943696191596418e-14,0,0,0
165,80,1.0,1.0,103,921,9.451177471852455e-14,1.603142466807443e-13,9.943696191596418e-14,0,0,0
166,5,0.0,0.0,0,0,2.585825598408118,0.0800054571554063,0.0,0,0,0
166,10,0.9453125,0.7669902912621359,79,889,0.08577798468270584,0.0014193876877910726,0.0,0,0,0
166,20,1.0,1.0,103,921,3.7659056118902534e-05,9.415439588768762e-07,0.0,0,0,0
166,40,1.0,1.0,103,921,1.8413912716605144e-12,4.5283419452402466e-13,0.0,0,0,0
166,80,1.0,1.0,103,921,1.671897121016497e-13,4.340247936450899e-13,2.816032637173341e-13,0,0,0
167,5,0.0,0.0,0,0,2.656612264744175,0.06333204760626676,0.0,0,0,0
167,10,0.9609375,0.8446601941747572,87,897,0.08842385020688437,0.0017038221137733675,0.0,0,0,0
167,20,1.0,1.0,103,921,6.0072771451602174e-05,1.237974555394759e-06,0.0,0,0,0
167,40,1.0,1.0,103,921,1.4203181181613088e-12,1.2695879277132998e-13,0.0,0,0,0
167,80,1.0,1.0,103,921,1.3042815421956465e-13,1.16928760335804e-13,4.519797458706215e-14,0,0,0
168,5,0.0,0.0,0,0,2.119199653161381,0.08810479917183725,0.0,0,0,0
168,10,0.9814453125,0.912621359223301,94,911,0.06482164214225525,0.0022082152688217786,0.0,0,0,0
168,20,1.0,1.0,103,921,2.4610192817610003e-05,3.736374970320889e-07,0.0,0,0,0
168,40,1.0,1.0,103,921,4.838552179189429e-13,1.0600346486710916e-13,0.0,0,0,0
168,80,1.0,1.0,103,921,1.5421977723780792e-13,1.0596647806764201e-13,3.037450789032798e-14,0,0,0
169,5,0.0,0.0,0,0,2.3724164696603696,0.054910835775898635,0.0,0,0,0
169,10,0.9677734375,0.8737864077669902,90,901,0.04416271487578873,0.0012261591667243209,0.0,0,0,0
169,20,1.0,1.0,103,921,1.1885107292925508e-05,1.6498539962317086e-07,0.0,0,0,0
169,40,1.0,1.0,103,921,5.860696393045577e-13,1.8556137638657143e-13,2.869840012555849e-16,0,0,0
169,80,1.0,1.0,103,921,1.567130351547659e-13,1.8971858654731378e-13,1.1319772456582686e-13,0,0,0
170,5,0.0,0.0,0,0,1.6896519959882321,0.05376969361769739,0.0,0,0,0
170,10,0.978515625,0.9029126213592233,93,909,0.04699395744960026,0.00045528693264205956,0.0,0,0,0
170,20,1.0,1.0,103,921,4.8513296598117715e-06,5.1116465451567226e-08,0.0,0,0,0
170,40,1.0,1.0,103,921,1.6759060703016444e-13,1.6080763396898816e-13,8.678400765632271e-14,0,0,0
170,80,1.0,1.0,103,921,1.6759060703016444e-13,1.6080763396898816e-13,8.678400765632271e-14,0,0,0
171,5,0.0,0.0,0,0,1.6035327541248976,0.042805429339544086,0.0,0,0,0
171,10,0.9833984375,0.9029126213592233,93,914,0.031037860881324947,0.0007885520308479883,0.0,0,0,0
171,20,1.0,1.0,103,921,8.920300555670752e-06,8.85852606363456e-08,0.0,0,0,0
171,40,1.0,1.0,103,921,1.100013888281526e-13,1.2387721600018023e-13,4.558800927931446e-14,0,0,0
171,80,1.0,1.0,103,921,1.100013888281526e-13,1.2387721600018023e-13,4.558800927931446e-14,0,0,0
172,5,0.0,0.0,0,0,2.5903090803993716,0.052175681749603235,0.0,0,0,0
172,10,0.986328125,0.9223300970873787,95,915,0.030554950134553848,0.0004947008204437401,0.0,0,0,0
172,20,1.0,1.0,103,921,2.6509056281558756e-06,3.506939448198488e-08,0.0,0,0,0
172,40,1.0,1.0,103,921,1.3940497967900813e-13,8.311736575379308e-13,5.516784369341715e-13,0,0,0
172,80,1.0,1.0,103,921,1.3940497967900813e-13,8.311736575379308e-13,5.516784369341715e-13,0,0,0
173,5,0.0,0.0,0,0,3.7967375978049596,0.06944396236210171,0.0,0,0,0
173,10,0.9833984375,0.912621359223301,94,913,0.044282007890647776,0.0012595836301457141,0.0,0,0,0
173,20,1.0,1.0,103,921,1.2915138785107847e-05,2.0480558686522366e-07,0.0,0,0,0
173,40,1.0,1.0,103,921,5.398685252326208e-13,1.0929604746140294e-13,0.0,0,0,0
173,80,1.0,1.0,103,921,1.8990755616485406e-13,1.0980613516404333e-13,1.9020860432988983e-14,0,0,0
174,5,0.0,0.0,0,0,2.6199863840525244,0.07012627228439275,0.0,0,0,0
174,10,0.966796875,0.8640776699029126,89,901,0.05850217420718316,0.0012099414132057853,0.0,0,0,0
174,20,1.0,1.0,103,921,3.2721110194582274e-05,3.3522165354886117e-07,0.0,0,0,0
174,40,1.0,1.0,103,921,5.471477855610888e-13,2.0509174751976864e-13,0.0,0,0,0
174,80,1.0,1.0,103,921,1.4170672849803073e-13,2.0617578412811592e-13,7.398600792448979e-14,0,0,0
175,5,0.0,0.0,0,0,3.114150111080433,0.057736399834393694,0.0,0,0,0
175,10,0.9228515625,0.7378640776699029,76,869,0.11986323329528796,0.0017474483344643952,0.0,0,0,0
175,20,1.0,1.0,103,921,4.641527973027265e-05,6.564882323264846e-07,0.0,0,0,0
175,40,1.0,1.0,103,921,3.6760780274654295e-12,1.6940878540285225e-13,0.0,0,0,0
175,80,1.0,1.0,103,921,3.145522081098203e-13,2.1115126990108742e-13,5.3929249773075e-14,0,0,0
176,5,0.0,0.0,0,0,1.3686343833400811,0.030778251544054575,0.0,0,0,0
176,10,0.9736328125,0.8640776699029126,89,908,0.03986674749340048,0.000607999864395837,0.0,0,0,0
176,20,1.0,1.0,103,921,1.0303942466514603e-05,1.9225425939710713e-07,0.0,0,0,0
176,40,1.0,1.0,103,921,2.234292378132349e-13,5.600413066933104e-14,0.0,0,0,0
176,80,1.0,1.0,103,921,8.605499648067049e-14,5.565998385193844e-14,2.4321244837999967e-14,0,0,0
177,5,0.0,0.0,0,0,2.7007977933236265,0.05258148846539436,0.0,0,0,0
177,10,0.9638671875,0.8058252427184466,83,904,0.08733430266187445,0.0010599750681217646,0.0,0,0,0
177,20,1.0,1.0,103,921,6.856990344991774e-06,9.201396422547257e-08,0.0,0,0,0
177,40,1.0,1.0,103,921,1.4501203333681731e-13,2.981301864339544e-13,2.1095443877814552e-13,0,0,0
177,80,1.0,1.0,103,921,1.4501203333681731e-13,2.981301864339544e-13,2.1095443877814552e-13,0,0,0
178,5,0.0,0.0,0,0,2.878953291445223,0.08430214604421508,0.0,0,0,0
178,10,0.962890625,0.7766990291262136,80,906,0.08421272568226429,0.0017548961977067127,0.0,0,0,0
178,20,1.0,1.0,103,921,4.192991190017214e-05,5.021250423997862e-07,0.0,0,0,0
178,40,1.0,1.0,103,921,2.9282702724022487e-12,2.7708299655330503e-13,0.0,0,0,0
178,80,1.0,1.0,103,921,2.4527673539749826e-13,2.73789679857321e-13,9.457419316397393e-14,0,0,0
179,5,0.0,0.0,0,0,3.97951307490781,0.05927192130003783,0.0,0,0,0
179,10,0.9423828125,0.7281553398058253,75,890,0.09227260010089339,0.003260994031662743,0.0,0,0,0
179,20,1.0,1.0,103,921,2.6650515534708097e-05,5.009411307957606e-07,0.0,0,0,0
179,40,1.0,1.0,103,921,1.2173002217084957e-12,3.7694012839576113e-13,0.0,0,0,0
179,80,1.0,1.0,103,921,1.4301293018821136e-13,3.849412129164174e-13,2.4578944770171213e-13,0,0,0
180,5,0.0,0.0,0,0,2.380871516529182,0.05510981581540971,0.0,0,0,0
180,10,0.9345703125,0.7184466019417476,74,883,0.05801986763522961,0.0016499305946702035,0.0,0,0,0
180,20,1.0,1.0,103,921,1.5452100164584367e-05,3.0949168620311954e-07,0.0,0,0,0
180,40,1.0,1.0,103,921,8.203834556302882e-13,9.416434829679547e-14,0.0,0,0,0
180,80,1.0,1.0,103,921,1.2304251539883122e-13,9.704470877702439e-14,3.166334823039627e-14,0,0,0
181,5,0.0,0.0,0,0,2.1604020638521453,0.054467337208870786,0.0,0,0,0
181,10,0.9609375,0.7961165048543689,82,902,0.06671620533564651,0.0008059662814998647,0.0,0,0,0
181,20,1.0,1.0,103,921,2.091461898286348e-05,3.9258012572853787e-07,0.0,0,0,0
181,40,1.0,1.0,103,921,1.2563517967255581e-12,4.367843732972656e-14,0.0,0,0,0
181,80,1.0,1.0,103,921,1.4408798330256697e-13,4.006783658075187e-14,0.0,0,0,0
182,5,0.0,0.0,0,0,2.7911077037534167,0.06904969722742285,0.0,0,0,0
182,10,0.95703125,0.8058252427184466,83,897,0.06719983616610782,0.0020462183236770524,0.0,0,0,0
182,20,1.0,1.0,103,921,3.830288933543789e-05,6.30973934440932e-07,0.0,0,0,0
182,40,1.0,1.0,103,921,9.57899779821495e-13,1.4930736257773386e-13,0.0,0,0,0
182,80,1.0,1.0,103,921,2.858344132920436e-13,1.5311800030734227e-13,1.5080754982473594e-14,0,0,0
183,5,0.0,0.0,0,0,3.0229621691394737,0.08702442969992859,0.0,0,0,0
183,10,0.9482421875,0.7572815533980582,78,893,0.07007064613466098,0.001410715930282543,0.0,0,0,0
183,20,1.0,1.0,103,921,4.6621699089585517e-05,8.904143287772091e-07,0.0,0,0,0
183,40,1.0,1.0,103,921,2.05601947810524e-12,1.8303488527952533e-13,0.0,0,0,0
183,80,1.0,1.0,103,921,1.9541729977229622e-13,1.7418774536428906e-13,4.9180030962788206e-14,0,0,0
184,5,0.0,0.0,0,0,2.5516397804148934,0.027683780996414577,0.0,0,0,0
184,10,0.9755859375,0.8737864077669902,90,909,0.023234999642651778,0.00026544164534769726,0.0,0,0,0
184,20,1.0,1.0,103,921,2.517572416566603e-06,4.3201221327979116e-08,0.0,0,0,0
184,40,1.0,1.0,103,921,1.449952497212312e-13,3.218281463032504e-13,1.3139452003242504e-13,0,0,0
184,80,1.0,1.0,103,921,1.449952497212312e-13,3.218281463032504e-13,1.3139452003242504e-13,0,0,0
185,5,0.1376953125,0.0,0,141,1.1690360136920617,0.058980799753271945,0.0,0,0,0
185,10,0.9736328125,0.8737864077669902,90,907,0.029255662574208717,0.0008127034311776583,0.0,0,0,0
185,20,1.0,1.0,103,921,1.3985404479875773e-05,1.7560164370244023e-07,0.0,0,0,0
185,40,1.0,1.0,103,921,1.3751564004656047e-13,1.6265791693184944e-13,6.627374470835198e-14,0,0,0
185,80,1.0,1.0,103,921,1.341662716360787e-13,1.6116960130420572e-13,6.627211128632929e-14,0,0,0
186,5,0.0,0.0,0,0,3.21604885279844,0.09460473819105776,0.0,0,0,0
186,10,0.9609375,0.8058252427184466,83,901,0.0749716236088165,0.001380839205628119,0.0,0,0,0
186,20,1.0,1.0,103,921,6.3718866212631e-05,1.6434850434161213e-06,0.0,0,0,0
186,40,1.0,1.0,103,921,1.6011556188565768e-12,1.7286934152539458e-13,0.0,0,0,0
186,80,1.0,1.0,103,921,2.1777251246592798e-13,1.876204271456948e-13,6.988814376540473e-14,0,0,0
187,5,0.0,0.0,0,0,2.802217028286061,0.06829228588206518,0.0,0,0,0
187,10,0.966796875,0.7864077669902912,81,909,0.0654860057626379,0.0012721268717598526,0.0,0,0,0
187,20,1.0,1.0,103,921,1.675453028710532e-05,3.3495332451468264e-07,0.0,0,0,0
187,40,1.0,1.0,103,921,1.4950635915039394e-12,2.1235737350117737e-13,0.0,0,0,0
187,80,1.0,1.0,103,921,2.1443030893636497e-13,2.0903641481823976e-13,7.883474208176997e-14,0,0,0
188,5,0.0,0.0,0,0,2.7942943901487145,0.049715433625843526,0.0,0,0,0
188,10,0.978515625,0.8737864077669902,90,912,0.02696313527055059,0.00034034900370617934,0.0,0,0,0
188,20,1.0,1.0,103,921,4.718225100177252e-06,9.647298323594084e-08,0.0,0,0,0
188,40,1.0,1.0,103,921,1.1851179592016654e-13,3.3125598776389465e-13,2.3029080219215447e-13,0,0,0
188,80,1.0,1.0,103,921,1.1851179592016654e-13,3.3125598776389465e-13,2.3029080219215447e-13,0,0,0
189,5,0.0,0.0,0,0,2.9819567377253513,0.058076515830740076,0.0,0,0,0
189,10,0.9638671875,0.8543689320388349,88,899,0.06340079617719069,0.001916263229951451,0.0,0,0,0
189,20,1.0,1.0,103,921,1.5243141084528649e-05,2.4874529866257314e-07,0.0,0,0,0
189,40,1.0,1.0,103,921,6.932407603465943e-13,1.5196517208219004e-13,0.0,0,0,0
189,80,1.0,1.0,103,921,2.0450660455784882e-13,1.4981177938847569e-13,3.657615787193622e-14,0,0,0
190,5,0.0,0.0,0,0,2.5079755560669903,0.052534930023301375,0.0,0,0,0
190,10,0.953125,0.8155339805825242,84,892,0.0688933094856428,0.0015116525699259969,0.0,0,0,0
190,20,1.0,1.0,103,921,3.176540512234105e-05,1.0823379137603292e-06,0.0,0,0,0
190,40,1.0,1.0,103,921,1.064103338932231e-12,2.8188337448433214e-14,0.0,0,0,0
190,80,1.0,1.0,103,921,1.0583680435076911e-13,2.7989253899420933e-14,0.0,0,0,0
191,5,0.0,0.0,0,0,2.0123548190164087,0.055011740041261754,0.0,0,0,0
191,10,0.9677734375,0.883495145631068,91,900,0.04196267192309173,0.0004618752684040902,0.0,0,0,0
191,20,1.0,1.0,103,921,1.1702771114588372e-05,8.991027430752269e-08,0.0,0,0,0
191,40,1.0,1.0,103,921,2.2861292258932427e-13,8.375683875437322e-14,4.690769795122904e-16,0,0,0
191,80,1.0,1.0,103,921,9.416277173738478e-14,8.388096474498076e-14,3.680563647304375e-14,0,0,0
192,5,0.0,0.0,0,0,3.596445924988531,0.06299463947667298,0.0,0,0,0
192,10,0.939453125,0.6504854368932039,67,895,0.08643135733227858,0.0016119184506170772,0.0,0,0,0
192,20,1.0,1.0,103,921,3.680824580656892e-05,3.7444231147215393e-07,0.0,0,0,0
192,40,1.0,1.0,103,921,1.398311798868575e-12,6.929489396824229e-14,0.0,0,0,0
192,80,1.0,1.0,103,921,1.6958732693896198e-13,7.097255513514603e-14,2.3936432246630744e-14,0,0,0
193,5,0.0,0.0,0,0,3.2274997565877186,0.04746899066206034,0.0,0,0,0
193,10,0.94921875,0.7378640776699029,76,896,0.09286992976706131,0.0012467691647830698,0.0,0,0,0
193,20,1.0,1.0,103,921,3.6797167071467053e-05,1.2542581160473776e-06,0.0,0,0,0
193,40,1.0,1.0,103,921,9.656306187452315e-13,1.7740166063757989e-13,0.0,0,0,0
193,80,1.0,1.0,103,921,1.1253426141474573e-13,1.7523984532561527e-13,5.013109004838694e-14,0,0,0
194,5,0.0,0.0,0,0,2.0674435544918452,0.05495057399642624,0.0,0,0,0
194,10,0.9794921875,0.9320388349514563,96,907,0.04018520216528606,0.0008714474621944639,0.0,0,0,0
194,20,1.0,1.0,103,921,2.666436148576457e-05,6.883032650232139e-07,0.0,0,0,0
194,40,1.0,1.0,103,921,8.283776655546777e-13,7.048832843592095e-14,0.0,0,0,0
194,80,1.0,1.0,103,921,8.884905383750725e-14,6.733000741838758e-14,4.5885545036174954e-14,0,0,0
195,5,0.0,0.0,0,0,2.443446379336215,0.06448996662359008,0.0,0,0,0
195,10,0.927734375,0.7475728155339806,77,873,0.08568482328451242,0.001186677127969048,0.0,0,0,0
195,20,1.0,1.0,103,921,8.276611258575836e-05,1.495613075021235e-06,0.0,0,0,0
195,40,1.0,1.0,103,921,5.720175241806849e-12,1.7662019778905224e-13,0.0,0,0,0
195,80,1.0,1.0,103,921,1.625168886379243e-13,2.2032100061257153e-13,7.498918853197557e-14,0,0,0
196,5,0.0,0.0,0,0,2.3195200303446506,0.04055888599771349,0.0,0,0,0
196,10,0.966796875,0.8737864077669902,90,900,0.0674952751098036,0.0010449501615050487,0.0,0,0,0
196,20,1.0,1.0,103,921,6.887607952969565e-05,2.0216578167374827e-06,0.0,0,0,0
196,40,1.0,1.0,103,921,8.846921774580185e-12,2.7449849381377044e-13,0.0,0,0,0
196,80,1.0,1.0,103,921,2.1187370502780228e-13,2.4379344571056177e-13,8.65764284779111e-14,0,0,0
197,5,0.0,0.0,0,0,3.5459058306159235,0.0688822649015642,0.0,0,0,0
197,10,0.94140625,0.7087378640776699,73,891,0.0742408249176341,0.0022219254031875294,0.0,0,0,0
197,20,1.0,1.0,103,921,2.1812070060007062e-05,5.398328209858281e-07,0.0,0,0,0
197,40,1.0,1.0,103,921,8.432710716070264e-13,3.1645303322353204e-13,0.0,0,0,0
197,80,1.0,1.0,103,921,1.6105127538874718e-13,3.19382354748759e-13,1.534015183026305e-13,0,0,0
198,5,0.0,0.0,0,0,1.7875311419117248,0.041258236591313495,0.0,0,0,0
198,10,0.9892578125,0.941747572815534,97,916,0.03844781070722646,0.00034438950604172904,0.0,0,0,0
198,20,1.0,1.0,103,921,2.170627455305914e-06,4.676262003986723e-08,0.0,0,0,0
198,40,1.0,1.0,103,921,7.36905166378523e-14,8.098823526386709e-14,4.936450353613299e-14,0,0,0
198,80,1.0,1.0,103,921,7.36905166378523e-14,8.098823526386709e-14,4.936450353613299e-14,0,0,0
199,5,0.0009765625,0.0,0,1,1.3357151535769423,0.027066829572589622,0.0,0,0,0
199,10,0.98046875,0.883495145631068,91,913,0.030866303524573046,0.000525133572505331,0.0,0,0,0
199,20,1.0,1.0,103,921,5.586526857913363e-06,3.662472918713765e-08,0.0,0,0,0
199,40,1.0,1.0,103,921,1.3397290960790836e-13,1.0049333649684226e-13,5.099279739964095e-14,0,0,0
199,80,1.0,1.0,103,921,1.3397290960790836e-13,1.0049333649684226e-13,5.099279739964095e-14,0,0,0
