sample,error_l2_norm,truth_l2_norm,error_max_abs,relative_l2_prediction_error,same_A_relative_error,reference_PDE_relative_error,face_energy_identity_relative_error,independent_raw_error_spearman,independent_raw_face_energy_spearman
0,0.08173093018234745,1.2340879663751079,0.00491652459286426,0.06622779932164485,1.0635712073846097e-14,7.442919069110944e-12,0.0,-0.08461762502838671,0.7570334944293309
1,0.07604819012065035,0.876503890781458,0.004871390835719542,0.08676309474547642,4.097061445940381e-15,2.421531345095449e-12,0.0,0.09763906727209716,0.7493819872247495
2,0.14267481056973444,2.124122297150456,0.011074555411454003,0.06716883051467186,1.6755868033926246e-14,1.3348457844399303e-11,2.765427280631423e-16,0.14850080851842812,0.6806414788575421
3,0.1381329266064611,0.7322091094393335,0.0121162617876341,0.18865229184628982,3.27263170811088e-15,2.309448768628276e-12,1.6105495896320555e-16,0.11738608737961352,0.7160099869474202
4,0.14774010172649138,2.260329500073838,0.010486385343486358,0.06536219684858564,1.4989826215949115e-14,2.2651125134891632e-11,0.0,0.37068299970003965,0.7604377438365627
5,0.06727409594510549,0.6303266614941901,0.003481866624747181,0.10672893922277087,1.1877566726875592e-15,4.796781409547829e-13,0.0,-0.06954940677495863,0.7835467098834826
6,0.2111072052885746,0.6861286918540609,0.011421718928643123,0.3076787311110974,6.057111418023883e-15,7.324438520214013e-12,0.0,0.38445245612408707,0.7965119659567865
7,0.5618426810857744,2.0767163129015542,0.023829058047374587,0.27054377990645095,1.3469430627783875e-14,2.313159253539509e-11,1.1202029804755522e-16,0.4241377636974835,0.6892151224168649
8,0.07997712294268237,2.2815078898167735,0.0050703595306755,0.03505450202458221,2.0411721999955796e-14,1.530082376695235e-11,0.0,0.1279636431156408,0.6634614569126006
9,0.09393916103930396,1.1684667329605347,0.005253881018242805,0.08039523795537684,9.678608615735517e-16,3.66832953336282e-13,0.0,-0.07061398223209649,0.7588699670789558
10,0.083128252963789,0.6540164505868583,0.005938527685690831,0.12710422327939433,6.876502730692667e-15,5.025425486577954e-12,0.0,0.11305736673359898,0.7824380403743447
11,0.1379674598141623,0.7124033258122244,0.012610851720183298,0.19366481712710004,1.569088654623674e-15,7.723735907877335e-13,1.4836178162211346e-16,0.17574127932073724,0.7352356926352571
12,0.07322680959158286,1.0088874218105097,0.004951771518224825,0.07258174500795431,7.0114118905623345e-15,3.968826668666029e-12,3.017415722921868e-16,0.06204028925446655,0.7677602791335972
13,0.05432599507115604,2.5295666897859195,0.006636236246234245,0.021476403563708266,3.063530621207216e-14,1.723481524145972e-11,0.0,0.21502242040488395,0.5977598003871992
14,0.0603613360151627,2.4873309148019165,0.004345098468970507,0.024267513283398278,2.431346755371048e-14,1.0398381791143846e-11,0.0,0.19544638641743803,0.5585010290323439
15,0.1038815592972262,2.1196353228691223,0.006871176162021694,0.049009165952477576,1.653536361272389e-14,1.36846201254552e-11,0.0,0.23406271209708748,0.6624979494021914
16,0.09319530566923157,2.38425838043151,0.006522870265365348,0.03908775426108173,2.5442375481090554e-14,1.5182868664292356e-11,0.0,0.13724494565620696,0.6146564027532094
17,0.24262731785721056,0.9554135337272446,0.012625424274232603,0.2539500533456718,8.737673605218848e-15,1.0105095861713815e-11,0.0,0.23672515569525768,0.8339650171680945
18,0.09542636447058793,0.9353721117691965,0.008048863621358496,0.10201968101239951,5.451850623209824e-15,4.908152487420681e-12,0.0,0.12614106975777864,0.770185776966987
19,0.048744707063332164,2.4532351872597435,0.003990969022378915,0.01986956135166961,2.1804701286619892e-14,1.2601912589750348e-11,1.7216467428864386e-16,0.25662334326086006,0.6299223323026945
20,0.16206783798507102,0.8518565360258836,0.009555946714392964,0.19025250277606204,1.207975038137705e-15,5.939209092906632e-13,2.9403397479383164e-16,0.2630162423202205,0.6964630229735128
21,0.09263531458172705,0.5269094334651307,0.005781034588079806,0.17580879881486763,4.154586153693755e-15,2.9992902059562565e-12,0.0,-0.04045901263773144,0.8116923009029657
22,0.26087352491246,0.41379028123618256,0.01611166199351076,0.6304486517496506,1.2675496950927343e-15,7.433238194432627e-13,0.0,-0.01633408966742618,0.8172769574385372
23,0.12734937948613867,1.061621788555482,0.005279339646434951,0.11995739053116014,8.724667735798247e-16,3.9264403376883286e-13,1.3399035689331232e-16,0.013399354515186222,0.6898721517313438
24,0.15521355603886247,0.8091739413497763,0.010425098234443268,0.19181729428897826,7.751951556961125e-15,6.655832766844165e-12,1.158897591529395e-16,0.1930648680833649,0.8134188216610855
25,0.37743888983049395,1.9426678607013725,0.021675293573320212,0.19428894535488173,9.555194264982076e-15,1.770939818285467e-11,0.0,0.4180815295616332,0.7118985849656253
26,0.20698054210247877,0.5857936654028035,0.011883209673588227,0.3533335273609604,1.158456186395554e-15,5.793186863410222e-13,0.0,0.05649251885760689,0.7800433458623236
27,0.05220758307956332,0.8902313837991036,0.0043338539867185735,0.05864495908554139,7.104795927001474e-15,5.2182061657583085e-12,1.9480593974816076e-16,0.24607031541969646,0.7659105512018085
28,0.12286706780555243,2.346261577622689,0.009486388349141894,0.05236716527150628,2.0198025245526356e-14,2.039428839939156e-11,0.0,0.2411366434490729,0.6902888840911804
29,0.13690575516290096,2.2055027802247307,0.011664377143825438,0.06207462370505418,1.6522600687965716e-14,1.8330147811065845e-11,1.4432346570535755e-16,0.10259865731123283,0.6718652996927307
30,0.060601674754095114,0.9374157846705079,0.004365796605404811,0.0646475936773307,8.984532525977533e-16,4.079639065277496e-13,0.0,0.07287538404485638,0.7019125647935124
31,0.12425666532409588,2.220207821164513,0.008096772869431987,0.055966231692185675,1.75353076936134e-14,1.937806364262083e-11,0.0,0.29549911854504013,0.6954897309875514
32,0.22830513686993034,2.2630542324829905,0.011879171358688163,0.10088363486518714,1.9282978591347257e-14,2.2304445175054734e-11,1.4525342073628135e-16,0.3306188290329697,0.7068444591020657
33,0.059295004288891076,1.1884916348219308,0.004935638954515022,0.04989097318953795,1.0585223774568258e-14,9.762844221968073e-12,0.0,0.2397942892595516,0.8399058207906528
34,0.2579813250959498,2.2804268206044207,0.01446147408130704,0.11312852610090446,1.8393945060664935e-14,1.9887548816593743e-11,0.0,0.21830644275444777,0.6527671478941083
35,0.08713157413903151,1.1077511979501362,0.00602268298471129,0.07865626712953788,1.0923254759810214e-14,9.011381578727717e-12,1.2362050299827493e-16,0.037974752246294305,0.8162416395400325
36,0.25743843925057464,0.3983460581005532,0.014500369737255013,0.6462683237738738,2.416528546331839e-15,1.7052488171027071e-12,0.0,0.047647996444228825,0.7843439221712865
37,0.14559752659289893,0.6146416194679434,0.0097405442154059,0.2368819845277213,4.944161192910474e-15,4.47090649404678e-12,1.9233431288452975e-16,0.08400774811300997,0.7659053261326076
38,0.11000680185522077,2.0867743662551215,0.011794642398968443,0.052716193774527006,9.701634444709783e-15,1.2191719024454507e-11,4.234360367640021e-16,0.2563666909420567,0.6623577713183103
39,0.10764557549613243,2.0332190387129563,0.007856452496957489,0.05294342293994696,1.527611487061472e-14,1.2662883944155818e-11,0.0,0.14200852871969885,0.6929369338652713
40,0.10966102130085627,0.5445903517808319,0.006596706154076298,0.20136423816959004,3.879984349578014e-15,3.6175230646900575e-12,0.0,0.28213750197952625,0.7933600727934806
41,0.06354247665149729,2.4835331200290125,0.0058244050922833315,0.02558551610970865,2.6808483301235975e-14,1.3698277556453911e-11,0.0,0.1462383746837787,0.6211163296261291
42,0.0727716440545944,0.7070194436183213,0.006955284416891543,0.10292735894527899,5.3286696315018846e-15,3.3995113803984766e-12,0.0,0.07125733874083466,0.7444651000162273
43,0.08725603139270884,0.6340022004366137,0.00866674989476694,0.13762733210171646,1.178517479023619e-15,4.95353397218585e-13,1.590493658548908e-16,-0.03233022743988276,0.7033860545644607
44,0.05408051728342166,2.401302224722381,0.00556591597610754,0.022521328938373848,2.007762795735662e-14,1.481976900790907e-11,0.0,0.15631559276180151,0.6257131688605462
45,0.0631116696631122,2.4532020499716265,0.004522960018897092,0.02572624202064487,1.2386603845130632e-14,6.099789102423475e-12,1.828873096950219e-16,0.06592517552823875,0.5594918142258899
46,0.13706943879858313,2.2176574163029,0.00914180265213712,0.061808211579899595,1.507380046841865e-14,1.9833646030456744e-11,0.0,0.2940481726025073,0.7478685435383459
47,0.12769750699989652,2.182039715816039,0.007667797975516248,0.05852208191918277,1.76061390316907e-14,2.0422069337754686e-11,0.0,0.13974257518399955,0.7324561264269912
48,0.18687083223967543,0.5207202427082778,0.011222520366968042,0.35886992076158974,1.3106344044018026e-15,7.718071866767383e-13,1.2910871350645692e-16,-0.10550834087425268,0.7765164527898216
49,0.14027967636348873,0.7198488603318822,0.009564930917866693,0.19487379100498067,9.103636586612671e-16,5.247895457806761e-13,0.0,0.011806690663218688,0.7431065200328056
50,0.09540835318441325,2.380439681001638,0.007433573335116829,0.040080138953265745,2.1156195089027098e-14,1.5493629705500135e-11,0.0,0.2966000843862122,0.6384592269769782
51,0.06579271752365105,0.9772421755405093,0.004040187598390015,0.06732488544844202,8.172380313510139e-16,3.9406287099185906e-13,0.0,-0.0654594622919388,0.7659404028278642
52,0.0742133071131599,2.2234344551740968,0.005954373099108172,0.03337778046052135,1.665167168863745e-14,1.1030203731300586e-11,0.0,0.12007387296504145,0.6456693366731867
53,0.22194541743223695,0.7314281849411033,0.010450746506865723,0.30344116073419924,2.3309529802149922e-15,1.6750654515204863e-12,0.0,0.3162970182537187,0.6914422275752785
54,0.16894172105050562,0.6839787861661677,0.010679273601539082,0.24699848075326483,7.66885192244462e-15,7.107376341218598e-12,0.0,0.18252633185515668,0.810473878223289
55,0.06067690883358273,1.4199251575101528,0.0035553274913298627,0.04273246974508153,1.2308290108182528e-14,6.191769837961939e-12,2.2085997150835149e-16,0.09862710250274703,0.7507033760030905
56,0.07747539230291099,2.2341173362203612,0.004632485724343091,0.03467830048442417,2.076475131663162e-14,1.8615594713043927e-11,0.0,0.2096656143954949,0.7184988636723043
57,0.16441830537274735,1.9831141603257803,0.010630457133016632,0.08290914797650237,1.6716911103452596e-14,1.5972553447877193e-11,0.0,0.35041433950096157,0.6428848513352038
58,0.1616676579654655,1.9151590254089064,0.013072624358075201,0.0844147435385674,1.1680024320006217e-14,1.624939305100174e-11,1.8010473119813717e-16,0.368014068683051,0.7390252158954869
59,0.21967624139300643,2.1099346500665113,0.015590305767806182,0.10411518735240524,1.3200186041875299e-14,1.6894862863367575e-11,1.1820829113814006e-16,0.2740700192311604,0.7122512781844305
60,0.0687188433082538,1.0148549298582548,0.008271823821440668,0.0677129718607681,6.480248944056191e-15,3.916377722540437e-12,2.040093872417697e-16,0.04461615047690797,0.7502548477647922
61,0.21304911471786975,0.46457492328453437,0.012845768811304515,0.4585893556449781,1.3570308513895551e-15,6.628820530342312e-13,3.244210672153148e-16,0.009892849550249402,0.7607980244244202
62,0.11115697888944766,0.7138318751170374,0.007565380663958835,0.15571871019520211,1.3942329627298424e-15,6.912775177146418e-13,1.2984690908115125e-16,0.07469947819436584,0.7366521056585338
63,0.12982469022123405,1.1761641106961256,0.005527023484537173,0.11037974126280378,1.852167275257533e-15,6.641750185150202e-13,1.6051302728726292e-16,-0.18789776760428875,0.7183740194080744
64,0.06172636240595137,0.5813081439881046,0.00530153663720806,0.10618527031545336,4.069252399132341e-15,2.8828219071158805e-12,1.6012384718493909e-16,0.17704735715503883,0.8137817769493292
65,0.053558060089000686,0.6847907949830118,0.004434275629968614,0.07821083531113959,4.424807139473731e-15,2.870222576370431e-12,1.1230388958742186e-16,0.2220940849757953,0.7647884558038426
66,0.27819788713262505,0.6752947243800449,0.017861644301542905,0.41196514216518565,1.671339952789762e-15,6.088148338652213e-13,2.671502161118762e-16,0.04367502474477662,0.6435562652187431
67,0.06961640402324781,0.5605662859520055,0.004790210533890357,0.12418942374498815,2.981168302333064e-15,1.5067673532199055e-12,1.818524282002932e-16,-0.1663485433871921,0.7877087135923632
68,0.15900551452246417,2.2746891793414523,0.014736233224093682,0.06990208419090384,1.2287909513980702e-14,1.3990694592027915e-11,1.3718998675592802e-16,0.3200623764856645,0.6286603872866973
69,0.09401920975115152,2.3396471422777663,0.008696578524085556,0.040185209150649534,1.913131723732746e-14,1.982045042222006e-11,0.0,0.2735528851113139,0.7093716498578765
70,0.06025272507000081,0.8649170140485989,0.007972590710168006,0.06966301285711009,6.155271421110351e-15,4.490992272529827e-12,0.0,0.2710545820626368,0.7181953816576903
71,0.2786252347421654,0.65285066857203,0.01865312041271106,0.42678249124198336,2.0778407061133637e-15,1.9159952297770007e-12,0.0,-0.09070931461676596,0.7170664887104699
72,0.09460707475307005,0.8592749302087174,0.00833157891850548,0.1101010531403378,7.070907807088699e-15,6.2967178083306545e-12,4.202232412991711e-16,0.11671019913112068,0.8251609091510049
73,0.08466189982426178,1.1930818569888797,0.009437487793760527,0.07096067996368072,7.034315631297521e-15,4.579511103427891e-12,1.764130003819898e-16,0.06555148127516247,0.7586198395482914
74,0.06383869498619875,0.8756674971879153,0.0037162085834656273,0.07290289429630295,6.4111105660331325e-15,5.524232600892776e-12,1.3622510455019912e-16,0.16563314214630157,0.8041651308574419
75,0.05219517460150432,0.9014786695490363,0.003233332777070143,0.05789951150770423,1.0005146403459537e-15,4.1215934486157894e-13,0.0,0.10048497170772235,0.7259422941345786
76,0.09031292634400025,1.2091615402949927,0.00416221239704305,0.07469053830637641,7.841061605320537e-16,2.9617417735441424e-13,1.3796746281125413e-16,-0.07879835150027135,0.7193425721260017
77,0.05209204273735292,2.423387135221839,0.004702489680053636,0.021495551404164884,2.589367992640302e-14,1.3078084904640767e-11,0.0,0.14002486180895116,0.6155539815271783
78,0.06814369488685482,0.6288270705911386,0.004244975301263318,0.10836635074058641,3.282017308232792e-15,1.8103855854167046e-12,0.0,0.04802341387700149,0.7410408700714965
79,0.28164102844135064,0.5256040384372764,0.016427747934515985,0.5358425884221218,1.2984137446969518e-15,5.809919556713856e-13,4.440985645318318e-16,0.03380708202128602,0.6747921637135544
80,0.10919473714100944,0.4126083431106392,0.010106354489499071,0.2646450052798116,1.0385910755895783e-15,5.20016908029316e-13,1.266530138054651e-16,-0.005021199475840448,0.7581149321811791
81,0.1456149691408689,2.059345407023437,0.00939889575320603,0.07070934707905058,1.4299263355902442e-14,1.798079709621613e-11,1.2471176129548334e-16,0.217499801348883,0.7360555362375959
82,0.4576654543176598,1.6791654131897022,0.024540145820691448,0.272555312730203,1.0602857873916863e-14,1.0906942583100637e-11,0.0,0.14928056619032867,0.6103886436925953
83,0.07470539291583465,2.40554738719067,0.005199846773968141,0.031055465094404024,1.0621523415333015e-14,6.631114961517474e-12,1.3879389353509632e-16,0.05617792680429976,0.6095410069200438
84,0.08020409644880827,0.927726939145105,0.006333859621754477,0.08645226635621456,7.141204614383646e-15,7.011800050514039e-12,0.0,0.1288897132025488,0.8182124398793991
85,0.14486453719290868,0.9991562411695727,0.00792602536031188,0.14498687114573391,5.975146496735301e-15,3.547689172149305e-12,0.0,-0.19310636968240855,0.7549745519118116
86,0.16432599984682958,2.2405604465601376,0.010316088548474094,0.07334147137119829,1.9221467071915028e-14,1.3480666113164146e-11,3.0827398779823907e-16,0.23761678663545693,0.6317946063329976
87,0.13015777817532603,1.0484401970520245,0.009944525848637843,0.12414420826414335,6.174709884820848e-15,7.802713506731975e-12,0.0,0.07828817942453874,0.8081223485943213
88,0.15109748684442026,2.097397239265847,0.01218217003538916,0.07204047188376628,1.3528416729354246e-14,1.018784866889111e-11,1.386905687422465e-16,0.04539048069155847,0.5928400546002793
89,0.08369203046643912,0.8061381094236866,0.005704467507246452,0.1038184766209243,4.019443861709981e-15,3.5832850960118636e-12,0.0,0.06829266203169745,0.7652620035007299
90,0.15375074177699222,1.7095216998821003,0.012598121611790749,0.08993787080187157,9.1227260726578e-15,9.21474574670168e-12,1.3779634674368792e-16,0.2501090941433628,0.6921450245285236
91,0.09279252320059285,0.5682833950673353,0.0062326059265727166,0.16328564938906576,5.10637956223898e-15,4.5110720038088776e-12,1.1811625410853866e-16,0.07783857446086478,0.819887190333363
92,0.08919458673423886,0.6683338096183972,0.007531290138085614,0.13345813940666396,1.005788454026402e-15,5.073381806462578e-13,0.0,-0.05970835983411878,0.7763434122302368
93,0.19578561794371288,1.822414089187706,0.013123263027043214,0.10743201509761113,1.4980155757866617e-14,1.8774886284612886e-11,0.0,0.35993698865498164,0.7452862770397419
94,0.07901075623306203,2.1186912170393075,0.004979189914501955,0.03729224702383621,1.8997039005776473e-14,1.8759120833764916e-11,0.0,0.18477336289407242,0.7358258160230259
95,0.0650872622712774,2.539230019444991,0.004608125482123006,0.025632676745647395,2.493979855026594e-14,2.146252135625849e-11,0.0,0.08626174573623736,0.6712176865739115
96,0.05969124305698893,2.478254889654804,0.005618006589713044,0.024085998299110924,2.6871343805486753e-14,1.6095037288169213e-11,0.0,0.22561400203434392,0.6474222221854351
97,0.1427696153058289,1.7632109533560085,0.009001561744089177,0.0809713749986003,7.156397860947843e-15,1.3003225256208777e-11,1.2201596584138116e-16,0.10980148505400406,0.7512107680807721
98,0.06137556427292276,2.4164709369695907,0.005201976380950005,0.025398842309227874,2.039337834001037e-14,1.3736610160556101e-11,0.0,0.22147414820440628,0.6285859179142851
99,0.22692056970895105,0.669918784286479,0.011081358865617712,0.3387284772894388,1.2080683937803674e-15,6.853818098083614e-13,1.9444243454339855e-16,0.23444683116823176,0.7110283456913327
100,0.13799359538775377,2.3946266617445957,0.012080537998127992,0.0576263505256469,1.963838272656e-14,1.5825313186166433e-11,0.0,0.12674909252621414,0.6282082836426144
101,0.13337625141469012,2.2202893011713747,0.011000816498970983,0.0600715642526061,2.003796941301175e-14,2.0075690142034663e-11,1.895167974096465e-16,0.07991676968724772,0.6990588995882027
102,0.08323267825048161,0.6362671420081758,0.0036933945821665277,0.13081404453447654,8.548974747876563e-16,3.695068413841143e-13,0.0,-0.10413203019597561,0.7578545293097291
103,0.04996277184999646,0.8346443594433838,0.0039020882888410042,0.05986115078201229,2.5575385976808432e-15,1.2260408192207077e-12,1.7737047929391513e-16,0.016757260377020262,0.763810908080915
104,0.07479584652151373,2.507115913033428,0.006299189113730355,0.029833421794613475,2.0700805806036048e-14,1.6811929638360385e-11,0.0,0.20928351833172623,0.6696546817388384
105,0.1156400126966594,0.8564047118064111,0.005249181955378588,0.13502963155438552,2.506469030720643e-15,1.319089169303954e-12,1.6653027459120625e-16,-0.20393384235377043,0.7508360666022713
106,0.05586795829709039,2.5164566579405823,0.003926608659619517,0.022201041341523287,2.0212257514266847e-14,8.040189076156486e-12,1.6619082464249945e-16,0.20626798756527825,0.5700199579412838
107,0.0473043856539282,0.880663213231391,0.003154991210385854,0.05371450168828518,8.015375345205364e-16,2.9841897678374615e-13,0.0,-0.027559034480972407,0.7500014507678271
108,0.07439137267702785,0.6212238366637146,0.004583117880661861,0.11974970741069281,3.716305048463224e-15,1.8674994852068453e-12,0.0,-0.13983599394513632,0.7663390459918407
109,0.18395845981218908,1.9644667312967534,0.01163945165868986,0.09364294995759856,1.046409912229466e-14,1.0180556275898014e-11,0.0,0.2996546976993798,0.6724414764659056
110,0.0778377786145557,0.8462844835978867,0.005676161712002661,0.09197590186651754,8.662413395280676e-15,6.205386354064435e-12,1.8620188119977838e-16,0.12393291678205755,0.7757442793437596
111,0.18146655822767355,0.7277810508076941,0.012898483973900803,0.24934224108511935,6.864671393032983e-15,5.47895535521328e-12,0.0,0.19208583100092894,0.8042286841973065
112,0.373941266634127,2.2278924390655224,0.02123151076596281,0.16784529633350465,1.613946920231747e-14,2.1992913832337212e-11,0.0,0.27197686579918434,0.6719870496375218
113,0.11936490472711944,0.6060826255455544,0.0075595771973791985,0.19694493736670848,1.2000281882695346e-15,5.261482292838296e-13,0.0,-0.05565440707083982,0.7771399653162414
114,0.0892734901862891,0.8635269511319094,0.005599936994033064,0.10338240175279949,7.445044404488999e-15,4.5474438497326996e-12,0.0,0.018890618832315884,0.7405698840939184
115,0.08433180945157341,1.0867195527463491,0.006361808701292399,0.07760218286166908,1.0082038108177945e-14,9.508222479684129e-12,1.1796802753459193e-16,0.10965174601200199,0.8131182631846229
116,0.12988680888885995,2.306798227501319,0.006073875315348372,0.05630609879111575,2.198410194910461e-14,1.9786981502103158e-11,0.0,0.12179163410995585,0.6989809398514034
117,0.08318519106512592,0.7158307157228502,0.007042286314448726,0.1162079095490126,8.587149952436014e-16,3.959599968375804e-13,2.1990697881533305e-16,0.07738688083156979,0.7523726136091606
118,0.07311949455929394,0.7729614964930857,0.006457561817069383,0.09459655479740706,2.83337797183007e-15,2.0649125450978512e-12,0.0,0.10674596614599399,0.8050719599352268
119,0.22242896641411225,2.2689418744492578,0.01326797511824939,0.09803202493589776,2.031150119033029e-14,2.1276382496230446e-11,1.6124002069799547e-16,0.2526877372148589,0.6673618575661993
120,0.07621686246357304,0.8157226470156342,0.00578488603020616,0.09343477558507979,8.782752931529296e-15,6.691703284996924e-12,0.0,0.14554246660761336,0.7426669166010643
121,0.05572457851396799,0.6902727494502339,0.003941224427150761,0.08072834768336096,5.691725060791589e-15,3.384044475619969e-12,0.0,0.01984427690741953,0.7875562621314086
122,0.22826531196987038,2.2811512196504253,0.01097811694859533,0.10006583956536247,1.756389821243369e-14,2.0106091304968597e-11,0.0,0.25413586806011906,0.6842950020636248
123,0.0737748922975996,0.7952649834663764,0.007389144287854872,0.09276768603092757,6.9778831432372784e-15,5.704820208475657e-12,1.2359253946893247e-16,-0.037494811427004573,0.7971167964422842
124,0.06626346277985629,2.3561517347856746,0.006619689550498829,0.028123597390421837,1.6684577268579955e-14,1.4804247107779003e-11,1.2530216532377496e-16,0.33877228653889746,0.6452234737056329
125,0.09536565904765161,2.599055185115995,0.006633146166868137,0.036692433309528004,3.0302498270147436e-14,1.7661250229737448e-11,0.0,0.21085778669910352,0.6054533957494584
126,0.1715695989781737,0.7750238742984055,0.010966561566609466,0.221373308188071,6.961532644308213e-15,6.719560966849857e-12,1.8150567479307163e-16,0.23348858120690028,0.80611476636617
127,0.17763934468576373,0.6909787359340782,0.010358481023583634,0.25708366328469934,1.0972839862029107e-15,5.141549906883355e-13,0.0,0.11389366907691101,0.7290689589901952
128,0.1508064184674805,2.107837858843111,0.01107002603626361,0.07154554978448427,1.792578475229583e-14,2.0770484972199754e-11,0.0,0.33482100388830927,0.7152260793600875
129,0.061477235366419636,1.0135386921262346,0.005980734587402298,0.06065603202325772,1.1590458866158221e-14,7.832358473217189e-12,1.2152096293395911e-16,0.2035628161654065,0.8121784768108489
130,0.11977769978788265,0.8597634683241958,0.010317012396188666,0.13931471177921392,5.100952723725142e-15,2.8118405972346437e-12,1.5478424371967315e-16,0.047263938840378154,0.7623925799672726
131,0.055210733257841406,0.6673607495753945,0.004022516535656379,0.08272996770182994,4.086940681821208e-15,2.4120252985526354e-12,1.3465001099871413e-16,0.04350081648123661,0.7599192232101506
132,0.20215837233654985,0.5910557769447099,0.013157711724578077,0.34202926394112665,1.6726280011732234e-15,7.682177693622757e-13,1.4953158179850388e-16,0.02493627203714234,0.702467929125249
133,0.05153099239775811,0.668499827725693,0.005446625822489809,0.07708452606947108,9.639411907272615e-16,4.3039802756280575e-13,2.170704429681181e-16,0.07059152012724176,0.7151078864856667
134,0.08356592943899988,0.7211550657804046,0.007242228122851449,0.11587789284759199,6.624651829430236e-15,5.344264042859137e-12,1.3446496566384414e-16,0.09855650137887904,0.7675055513348015
135,0.16810984697558318,1.082480249079087,0.014603045989516441,0.15530061367734102,8.177975920131014e-15,7.720411831877257e-12,0.0,0.08035978193443832,0.770074778210638
136,0.09270683058601681,1.1982648855786795,0.007131344072444573,0.07736756012944983,1.3004019746523744e-14,1.0033909729575377e-11,1.3930675237144507e-16,-0.11354120688432573,0.7983749697762523
137,0.0770643678241666,1.1783848307797677,0.007273407612180725,0.06539830266923168,8.673981018000061e-15,6.818804733934102e-12,1.510459801598924e-16,0.22098044971260128,0.7884237084855487
138,0.25594189208005286,0.3866646079193225,0.014345432124666687,0.6619222107171885,1.336820224821461e-15,9.082360813137708e-13,0.0,0.17176803451092376,0.7675455817351278
139,0.24763781125205464,0.5567255577782877,0.013320256078688194,0.44481128590592706,1.339137846919253e-15,7.41643785263782e-13,0.0,0.31440429988724666,0.7151803326760804
140,0.15488229126132066,2.428708719850971,0.013408422575549972,0.0637714559985705,2.7669929542244165e-14,2.1957020138741744e-11,1.2873911850415405e-16,0.14296020534769927,0.6501610336571989
141,0.1246812156651924,0.5857916689071003,0.007949838356714365,0.2128422479920338,3.8646483597150316e-15,2.8499453002648098e-12,0.0,0.10801092201163902,0.7271424598056986
142,0.3417965568000493,2.31968923356334,0.013379444242845567,0.14734583919890248,1.7453911196997864e-14,2.131769492897602e-11,2.9631447037799736e-16,0.3621371475646994,0.662324667862876
143,0.1657552626191984,0.9703022524246082,0.007646683236424782,0.17082848381007698,9.586731777998575e-15,6.7491519517185486e-12,0.0,-0.05587987870798656,0.7929344412966671
144,0.10147220083982145,0.9894530473303849,0.010044371283257799,0.10255383124404004,8.035644923754528e-15,6.11093192892264e-12,0.0,0.03178189866854019,0.7699681312339012
145,0.09733624395744389,1.2381947184652682,0.005735915572335614,0.07861141911353922,1.0592339105148888e-14,1.1574528926077427e-11,0.0,0.08801940369488843,0.8167194077000414
146,0.23951971654553092,0.6554511245640895,0.01238170617419245,0.36542727225439503,5.915704624233825e-15,5.668787171365444e-12,0.0,0.021475228422241862,0.842494983500502
147,0.07672934744760293,2.280094349275042,0.004776726460803581,0.033651830009577936,1.6956884612890568e-14,1.2438668353596938e-11,0.0,0.1977754944540855,0.6580953351157731
148,0.0793168437956948,1.2786335523757848,0.005310584078203334,0.06203250622378782,1.0437971558566974e-14,8.369155099395747e-12,0.0,-0.04732847443457913,0.7889458462526407
149,0.18099350950112839,0.943927085643073,0.009548183817479279,0.1917452229669013,7.612539754506083e-15,5.2699673766405355e-12,1.7204115255252457e-16,-0.011158789940329787,0.7895842481831945
150,0.061751901710227625,2.2881381989894027,0.003957902792304062,0.026987837420616227,2.1643332035016304e-14,1.4537386665816097e-11,4.1175116095286624e-16,0.19526278553234253,0.6227843377117046
151,0.07122072895504786,0.8391343983458208,0.005350432099946585,0.08487404293691778,5.824745497590391e-15,3.026481966835702e-12,0.0,0.05200702745090217,0.7492845898533368
152,0.08553674631699862,2.430973550596234,0.005942054790233776,0.03518621018974863,1.8974806359299122e-14,1.587259023870715e-11,0.0,0.34217453092492184,0.6387608249841191
153,0.07722237489093828,2.4433362757592305,0.007540664128275962,0.031605299547620626,2.100689016021953e-14,1.6098197233654374e-11,0.0,0.30511098992042557,0.6750064427153323
154,0.08629829853386431,0.5918221001463777,0.006144354166679106,0.1458179721786662,5.590782582866637e-15,3.819515463236781e-12,1.5428302331011581e-16,0.136478731569032,0.8365244398359807
155,0.1719663522453905,2.1809666295647108,0.02077861495830161,0.07884868567645736,1.566427666868114e-14,1.752354343933159e-11,2.8597991367415224e-16,0.26447123357901253,0.6467539562305932
156,0.07437993380073814,2.219354684329602,0.006347263335664009,0.03351421668916611,1.179542748346435e-14,1.3402650648548344e-11,0.0,0.20671424587928852,0.7226256317790043
157,0.04623017592421061,0.5920142432872584,0.004015383913515344,0.07808963457958343,7.442679479201595e-16,3.339176654449891e-13,1.1531864661108046e-16,0.09696195596416032,0.7486712990584441
158,0.09827521294059299,0.5093497653434368,0.0064746524558425885,0.1929424918343281,4.502954919642046e-15,3.046101719189428e-12,1.5174271613261743e-16,0.027881595279948882,0.8067308616063326
159,0.11615471545685498,0.692929246775366,0.007999931642500194,0.16762853638722228,4.834623011927951e-15,5.792051150150332e-12,0.0,0.21375314977970122,0.791434136418891
160,0.2091699554798819,0.6352876416539299,0.010730247277851032,0.3292523602935539,7.190445270298282e-15,6.190234809074377e-12,0.0,0.17829844324020705,0.8230744553047841
161,0.07509769664774413,0.7911657287125601,0.006502840235945124,0.09492031052703499,1.020601751357839e-15,3.605422210353687e-13,0.0,-0.020686821149621677,0.737150155406082
162,0.1543342502062788,0.7846315235752792,0.012428399435919798,0.19669646906745986,6.200427435190438e-15,7.1271110306372796e-12,0.0,0.2615353639011861,0.8466349356431849
163,0.12256636839006534,0.6064623787564041,0.008143548565080112,0.20210053036001463,1.0537726797160413e-15,6.866242187760799e-13,1.4859599139768918e-16,0.1572657100064731,0.7043677424239325
164,0.06104266426300742,2.4236449924599937,0.005528058050443471,0.025186305937095706,1.997938525022502e-14,1.030350725051073e-11,0.0,0.13755858444259447,0.6322129557017508
165,0.10286144117995993,0.622534009208005,0.005394284919609495,0.16523023587228827,6.146285295277616e-15,5.5320453473278696e-12,0.0,0.09098939383246117,0.8105343611670649
166,0.18245684926170036,1.8805605457981258,0.015622366152114608,0.09702258705223667,1.2023725478244565e-14,1.57394406644989e-11,0.0,0.4028929450760116,0.720535875113491
167,0.1172110294954398,0.7086083915223033,0.007472546826310007,0.16541016293024044,5.62368203107745e-15,4.5483042094070145e-12,0.0,0.3909604479758709,0.7708634205258069
168,0.07962915858759212,0.5915694654610159,0.007373200200747232,0.13460660706268254,4.432458155941039e-15,3.578154001899793e-12,1.2857856257191313e-16,0.10654626013148637,0.801257312617235
169,0.11418282244505966,2.37096875437132,0.007887434387475446,0.048158720874976725,2.1911943696044148e-14,1.8271257684760798e-11,0.0,0.2242961801052611,0.6331273155707384
170,0.1449811384686678,2.2934848142760265,0.011892820429383902,0.06321434420067583,1.681779159796067e-14,1.851194867548253e-11,0.0,0.2543051954363776,0.6566720047518689
171,0.09141068344800811,2.2545303095059586,0.00744322310520118,0.04054533357240125,1.6203094957661603e-14,8.38839108734848e-12,0.0,0.11212829225809379,0.6040109626778416
172,0.08853556287998998,0.8681504754243204,0.003998032718388915,0.10198181696176231,5.1449783009698395e-15,2.412786209106149e-12,0.0,0.01751985522803919,0.6901282899600552
173,0.09201272266696776,1.1165164836777814,0.006574880702938265,0.08241053671136124,1.023909829013125e-14,1.0344534958118268e-11,0.0,0.06912090447613774,0.8277772905214192
174,0.054442557981946214,2.533698267486603,0.003085192888985004,0.021487388092171114,2.3379539690481476e-14,1.1236851787475639e-11,0.0,0.033673677912555065,0.5667056708076623
175,0.06709391454646382,0.6020927270258685,0.004610089096673488,0.11143452085509278,6.113022714887749e-15,4.2818090374735e-12,0.0,0.1337401994940571,0.830602333621168
176,0.20787908757020634,0.8393381916244066,0.012705915893132792,0.2476702354838509,1.1907809666086432e-15,4.691766627589617e-13,0.0,0.2786411759634831,0.6179261928049627
177,0.23183331409587576,0.5256077436954926,0.01567564691945955,0.44107667148486096,2.4997808061562946e-15,2.210368547565244e-12,1.7634869873076815e-16,0.01421615234327852,0.7692444970427526
178,0.09690822518215511,1.3474693571143808,0.008657834039062898,0.07191868569811863,1.6038439657767956e-14,1.1586449957250194e-11,0.0,0.13133006883331055,0.782926050347525
179,0.07400225482068881,0.7121739925837798,0.005499743806367181,0.10391035841144287,5.232376179473435e-15,4.320409430077583e-12,0.0,-0.18675493729749323,0.7956615329462459
180,0.10675553578865425,2.351705473068038,0.00843349536733315,0.04539494295150015,1.6740302121021984e-14,1.1857644960936506e-11,0.0,0.09716406217170878,0.6297117196852808
181,0.13790380333610078,0.7099277990793728,0.007691934076488745,0.19425046253285622,5.423997311675304e-15,3.956265451169047e-12,1.800692095330271e-16,0.1587609696767312,0.7704497224150992
182,0.11074097804260179,0.7766707112667357,0.008087190445951319,0.1425842077422815,7.026633818928216e-15,7.807279186288119e-12,1.519968468510456e-16,0.29777940111968826,0.7785200740446194
183,0.1509681483682123,0.6560277281986046,0.010822879411583273,0.23012464546698014,5.235024862020934e-15,4.40708683563213e-12,0.0,0.02593469506578565,0.7819548702520428
184,0.10284163321980931,0.7920754230035456,0.006796591051440428,0.12983818236631356,4.7997520233861046e-15,3.0710322717412503e-12,1.154594406986665e-16,0.015344147553691125,0.7585788731687217
185,0.12804098357277807,0.8768539242380887,0.00904524039532659,0.14602316307591914,1.1681265340170655e-15,5.335860647641886e-13,0.0,0.17647953120264226,0.7132667624033735
186,0.3557146549931486,0.5464995282439852,0.02398598667659072,0.6508965453934289,1.6787464344173934e-15,7.744283688130174e-13,2.2565538970626266e-16,-0.02878790415583725,0.7286329810810376
187,0.10358086650322001,1.0225449972101424,0.007652649568763234,0.10129712314453111,3.2937855456706775e-15,1.9520177454663268e-12,1.193281691581122e-16,-0.14482153156406996,0.7818732698004593
188,0.14013955499769826,0.4870059900793816,0.009621336758793458,0.28775735381582396,3.110098596510429e-15,2.2267275114621665e-12,1.4932015517581498e-16,-0.08137001855781413,0.7928941274832227
189,0.10925532474854663,2.2566942140404027,0.007069546741808055,0.04841388083010815,1.6198203023652298e-14,1.374318331900125e-11,1.252389081220786e-16,0.19244694052413497,0.6522977810209226
190,0.38815548987319726,0.7894270884726057,0.026594098108795036,0.491692640829194,3.354177519682442e-15,4.0385387760353995e-12,0.0,0.22647115925248174,0.744028659880007
191,0.05576441057303241,0.6149992750992805,0.004390252849170002,0.09067394520754557,3.4611861439356934e-15,2.1513058617547596e-12,0.0,0.26736822239967645,0.750211061573129
192,0.15658180275860623,0.8326684279573392,0.011151480305111625,0.18804820442480918,3.4924057761530274e-15,2.6647537138116625e-12,0.0,0.020749134316988847,0.76796441760354
193,0.0664874105153553,2.2966363081468963,0.00576764191664304,0.02894990829828101,1.8682028509305148e-14,1.4656924407522338e-11,0.0,0.17611823919840838,0.6567358453465572
194,0.12255485125525485,0.7605999277768764,0.008907850773318543,0.16112919128649533,6.332656196748412e-15,7.826756607450772e-12,0.0,0.2009166537166255,0.8155523327368772
195,0.274344359633532,1.9457236382614918,0.01578782698510635,0.14099862603234817,1.4317324407073083e-14,1.091710255644596e-11,0.0,0.11804846888883228,0.5964109989421479
196,0.2980293204582183,2.1506691096300177,0.018996162140501097,0.13857516208501672,1.7826840220034062e-14,1.7467008905041996e-11,1.6063136662125452e-16,0.005667728360495172,0.6371451505364754
197,0.07656127148340232,2.3637449088608387,0.005383725111191916,0.03238981972902463,1.827787720356075e-14,1.2563279416011781e-11,0.0,0.14906747514877322,0.6505558363376871
198,0.07903301358664687,0.8513277592094356,0.0073676690724430605,0.09283500124562943,9.852326018264879e-16,4.239383006805179e-13,1.7834865831567774e-16,-0.04073535771534117,0.7622885472713663
199,0.06072504880142202,0.8839420125856723,0.004366907039646529,0.06869800047606235,1.0944958958365347e-14,6.776963240994887e-12,1.1697142827823586e-16,0.14146926200858576,0.7992913629553721
