sample,iterations,status,target_met,certified_high_recall,certified_high_count,resolved_fraction,relative_l2_correction_error,cg_operator_applications,extra_operator_applications,preconditioner_applications,bound_poisson_solves,fft_transforms,false_high,false_low
0,15,rank_target,1,0.9951219512195122,408,0.9990234375,1.6706366843950794e-05,15,3,15,3,36,0,0
1,15,rank_target,1,0.9975609756097561,409,0.99853515625,2.009289864421043e-05,15,3,15,3,36,0,0
2,15,rank_target,1,0.9951219512195122,408,0.99853515625,2.3251334319687956e-05,15,3,15,3,36,0,0
3,15,rank_target,1,0.9975609756097561,409,0.9990234375,3.5818561896087976e-05,15,3,15,3,36,0,0
4,10,rank_target,1,0.9512195121951219,390,0.98779296875,0.00024414348045307896,10,2,10,2,24,0,0
5,15,rank_target,1,0.9975609756097561,409,0.99951171875,6.138655351306414e-06,15,3,15,3,36,0,0
6,10,rank_target,1,0.9121951219512195,374,0.983154296875,0.00033800215012627166,10,2,10,2,24,0,0
7,15,rank_target,1,1.0,410,1.0,4.064671944374828e-06,15,3,15,3,36,0,0
8,15,rank_target,1,0.9951219512195122,408,0.999267578125,4.532084607413245e-06,15,3,15,3,36,0,0
9,10,rank_target,1,0.9,369,0.977294921875,0.0003196850586540787,10,2,10,2,24,0,0
10,15,rank_target,1,0.9926829268292683,407,0.9990234375,4.153284434941988e-06,15,3,15,3,36,0,0
11,15,rank_target,1,1.0,410,1.0,2.6821110208294726e-05,15,3,15,3,36,0,0
12,15,rank_target,1,0.9853658536585366,404,0.997314453125,4.710565691138392e-05,15,3,15,3,36,0,0
13,15,rank_target,1,0.9926829268292683,407,0.998046875,1.8216884013075124e-05,15,3,15,3,36,0,0
14,15,rank_target,1,0.9926829268292683,407,0.998779296875,3.18240550900072e-05,15,3,15,3,36,0,0
15,15,rank_target,1,0.9902439024390244,406,0.99853515625,5.418778997477099e-05,15,3,15,3,36,0,0
16,15,rank_target,1,0.9902439024390244,406,0.998779296875,2.7625467567920915e-05,15,3,15,3,36,0,0
17,10,rank_target,1,0.9609756097560975,394,0.990478515625,9.922456918695801e-05,10,2,10,2,24,0,0
18,15,rank_target,1,1.0,410,1.0,5.828542774473416e-06,15,3,15,3,36,0,0
19,15,rank_target,1,0.9951219512195122,408,0.999267578125,1.2262471234343488e-05,15,3,15,3,36,0,0
20,15,rank_target,1,0.9975609756097561,409,0.99951171875,4.837312007790086e-06,15,3,15,3,36,0,0
21,15,rank_target,1,1.0,410,1.0,1.924444683238087e-05,15,3,15,3,36,0,0
22,15,rank_target,1,0.9951219512195122,408,0.999267578125,4.062477291998142e-05,15,3,15,3,36,0,0
23,10,rank_target,1,0.9146341463414634,375,0.982421875,0.0009168172990978866,10,2,10,2,24,0,0
24,15,rank_target,1,0.9975609756097561,409,0.999267578125,3.087443415439578e-05,15,3,15,3,36,0,0
25,15,rank_target,1,0.9951219512195122,408,0.9990234375,1.7760726131757146e-05,15,3,15,3,36,0,0
26,15,rank_target,1,0.9975609756097561,409,0.99951171875,1.9807920951784172e-05,15,3,15,3,36,0,0
27,15,rank_target,1,0.9951219512195122,408,0.999267578125,2.7247053901859062e-05,15,3,15,3,36,0,0
28,15,rank_target,1,1.0,410,1.0,4.5753151964054955e-06,15,3,15,3,36,0,0
29,15,rank_target,1,0.9951219512195122,408,0.9990234375,4.28719459511271e-05,15,3,15,3,36,0,0
30,15,rank_target,1,0.9975609756097561,409,0.999267578125,1.861102149177283e-05,15,3,15,3,36,0,0
31,15,rank_target,1,0.9975609756097561,409,0.999267578125,4.637967774457615e-05,15,3,15,3,36,0,0
32,15,rank_target,1,0.9902439024390244,406,0.998779296875,2.14548236404121e-05,15,3,15,3,36,0,0
33,10,rank_target,1,0.9609756097560975,394,0.989501953125,0.00031315210066921653,10,2,10,2,24,0,0
34,15,rank_target,1,0.9902439024390244,406,0.998291015625,3.715488888585182e-05,15,3,15,3,36,0,0
35,15,rank_target,1,0.9926829268292683,407,0.998046875,1.4066255284752412e-05,15,3,15,3,36,0,0
36,15,rank_target,1,0.9902439024390244,406,0.99755859375,4.020007414148998e-05,15,3,15,3,36,0,0
37,15,rank_target,1,0.9878048780487805,405,0.997802734375,5.286576630052385e-05,15,3,15,3,36,0,0
38,15,rank_target,1,0.9975609756097561,409,0.998291015625,2.507150535200343e-05,15,3,15,3,36,0,0
39,15,rank_target,1,0.9975609756097561,409,0.9990234375,4.30618668192507e-05,15,3,15,3,36,0,0
40,10,rank_target,1,0.9146341463414634,375,0.9833984375,0.0001680713804468621,10,2,10,2,24,0,0
41,15,rank_target,1,0.9975609756097561,409,0.99951171875,8.290052724910697e-06,15,3,15,3,36,0,0
42,15,rank_target,1,0.9878048780487805,405,0.998291015625,5.753072457179842e-05,15,3,15,3,36,0,0
43,15,rank_target,1,0.9951219512195122,408,0.9990234375,1.1284126341587751e-05,15,3,15,3,36,0,0
44,15,rank_target,1,0.9975609756097561,409,0.99951171875,3.592270126434346e-05,15,3,15,3,36,0,0
45,15,rank_target,1,0.9975609756097561,409,0.99951171875,4.45967266355421e-06,15,3,15,3,36,0,0
46,10,rank_target,1,0.9365853658536586,384,0.98828125,0.00024186784559620408,10,2,10,2,24,0,0
47,15,rank_target,1,0.9951219512195122,408,0.998779296875,2.530530583565645e-05,15,3,15,3,36,0,0
48,15,rank_target,1,0.9853658536585366,404,0.997314453125,4.3634137026035886e-05,15,3,15,3,36,0,0
49,15,rank_target,1,0.9951219512195122,408,0.998779296875,7.46152915725453e-05,15,3,15,3,36,0,0
50,15,rank_target,1,1.0,410,1.0,6.835608064020045e-06,15,3,15,3,36,0,0
51,15,rank_target,1,0.9951219512195122,408,0.9990234375,1.0372481081784937e-05,15,3,15,3,36,0,0
52,15,rank_target,1,0.9853658536585366,404,0.998046875,1.1752766951831562e-05,15,3,15,3,36,0,0
53,15,rank_target,1,0.9975609756097561,409,0.99951171875,2.5015624845875047e-05,15,3,15,3,36,0,0
54,15,rank_target,1,0.9926829268292683,407,0.998046875,4.983064226708934e-05,15,3,15,3,36,0,0
55,15,rank_target,1,0.9951219512195122,408,0.9990234375,1.7179798460938524e-05,15,3,15,3,36,0,0
56,10,rank_target,1,0.9414634146341463,386,0.983642578125,0.0002460452167288402,10,2,10,2,24,0,0
57,15,rank_target,1,1.0,410,1.0,4.621387783940532e-06,15,3,15,3,36,0,0
58,10,rank_target,1,0.9195121951219513,377,0.982177734375,0.00017976129033117798,10,2,10,2,24,0,0
59,15,rank_target,1,0.9853658536585366,404,0.998046875,3.772174766925701e-05,15,3,15,3,36,0,0
60,15,rank_target,1,1.0,410,1.0,7.635615275005961e-06,15,3,15,3,36,0,0
61,15,rank_target,1,0.9975609756097561,409,0.999267578125,2.348434999651494e-05,15,3,15,3,36,0,0
62,10,rank_target,1,0.9146341463414634,375,0.978515625,0.0008951263095130887,10,2,10,2,24,0,0
63,15,rank_target,1,1.0,410,1.0,1.043488582552293e-05,15,3,15,3,36,0,0
64,15,rank_target,1,1.0,410,1.0,4.228286743026735e-05,15,3,15,3,36,0,0
65,15,rank_target,1,0.9975609756097561,409,0.99951171875,3.653792040536669e-05,15,3,15,3,36,0,0
66,15,rank_target,1,1.0,410,1.0,3.1140340750810973e-06,15,3,15,3,36,0,0
67,15,rank_target,1,0.9975609756097561,409,0.998779296875,3.2808267172239907e-05,15,3,15,3,36,0,0
68,15,rank_target,1,0.9878048780487805,405,0.997802734375,4.1733109114175135e-05,15,3,15,3,36,0,0
69,15,rank_target,1,0.9975609756097561,409,0.999267578125,6.0763647707113374e-05,15,3,15,3,36,0,0
70,15,rank_target,1,0.9829268292682927,403,0.99755859375,3.405951724790805e-05,15,3,15,3,36,0,0
71,15,rank_target,1,0.9951219512195122,408,0.99853515625,2.008052643904634e-05,15,3,15,3,36,0,0
72,15,rank_target,1,0.9975609756097561,409,0.99951171875,4.457493370007302e-05,15,3,15,3,36,0,0
73,10,rank_target,1,0.9658536585365853,396,0.994140625,9.918014988804808e-05,10,2,10,2,24,0,0
74,15,rank_target,1,0.9926829268292683,407,0.99853515625,7.323196515707995e-05,15,3,15,3,36,0,0
75,15,rank_target,1,0.9902439024390244,406,0.99853515625,1.527413461529288e-05,15,3,15,3,36,0,0
76,10,rank_target,1,0.9073170731707317,372,0.980224609375,0.0009660506118395702,10,2,10,2,24,0,0
77,15,rank_target,1,0.9853658536585366,404,0.998291015625,2.4481765199539303e-05,15,3,15,3,36,0,0
78,15,rank_target,1,0.9975609756097561,409,0.99951171875,4.920817840740632e-06,15,3,15,3,36,0,0
79,15,rank_target,1,1.0,410,1.0,5.71800850383014e-06,15,3,15,3,36,0,0
80,15,rank_target,1,0.9951219512195122,408,0.9990234375,4.9019500542360374e-05,15,3,15,3,36,0,0
81,15,rank_target,1,0.9951219512195122,408,0.998779296875,1.4701832958649235e-05,15,3,15,3,36,0,0
82,15,rank_target,1,0.9902439024390244,406,0.99853515625,1.6404076103086887e-05,15,3,15,3,36,0,0
83,15,rank_target,1,0.9951219512195122,408,0.998046875,3.127101231880537e-05,15,3,15,3,36,0,0
84,15,rank_target,1,0.9975609756097561,409,0.999267578125,2.9154425913018323e-05,15,3,15,3,36,0,0
85,10,rank_target,1,0.926829268292683,380,0.982421875,0.0011182824822146974,10,2,10,2,24,0,0
86,15,rank_target,1,0.9975609756097561,409,0.99951171875,3.6437265297378647e-06,15,3,15,3,36,0,0
87,15,rank_target,1,0.9951219512195122,408,0.99853515625,4.440294999322067e-05,15,3,15,3,36,0,0
88,15,rank_target,1,0.9951219512195122,408,0.999267578125,3.576884301014809e-05,15,3,15,3,36,0,0
89,10,rank_target,1,0.9097560975609756,373,0.983154296875,0.00046005864283684664,10,2,10,2,24,0,0
90,15,rank_target,1,0.9951219512195122,408,0.999267578125,1.8681774094431756e-05,15,3,15,3,36,0,0
91,15,rank_target,1,0.9975609756097561,409,0.99951171875,1.3769640700620296e-05,15,3,15,3,36,0,0
92,15,rank_target,1,1.0,410,1.0,3.734643060409004e-05,15,3,15,3,36,0,0
93,10,rank_target,1,0.9073170731707317,372,0.97900390625,0.0009375604558038557,10,2,10,2,24,0,0
94,15,rank_target,1,0.9975609756097561,409,0.99951171875,6.879403408744125e-06,15,3,15,3,36,0,0
95,15,rank_target,1,0.9853658536585366,404,0.997314453125,5.083348763323419e-05,15,3,15,3,36,0,0
96,15,rank_target,1,0.9951219512195122,408,0.9990234375,2.7746989112421825e-05,15,3,15,3,36,0,0
97,15,rank_target,1,1.0,410,1.0,1.044909266135701e-05,15,3,15,3,36,0,0
98,15,rank_target,1,0.9926829268292683,407,0.998779296875,1.710377711018549e-05,15,3,15,3,36,0,0
99,15,rank_target,1,0.9975609756097561,409,0.9990234375,1.4906381291500058e-05,15,3,15,3,36,0,0
100,15,rank_target,1,0.9926829268292683,407,0.998779296875,1.6091311434066465e-05,15,3,15,3,36,0,0
101,15,rank_target,1,0.9975609756097561,409,0.999267578125,8.632979144346663e-06,15,3,15,3,36,0,0
102,15,rank_target,1,0.9951219512195122,408,0.999267578125,3.55011493885066e-05,15,3,15,3,36,0,0
103,15,rank_target,1,0.9975609756097561,409,0.99951171875,1.017205548447535e-05,15,3,15,3,36,0,0
104,15,rank_target,1,1.0,410,1.0,4.021568870272677e-05,15,3,15,3,36,0,0
105,15,rank_target,1,1.0,410,1.0,1.1674833189372698e-05,15,3,15,3,36,0,0
106,15,rank_target,1,0.9926829268292683,407,0.9990234375,6.488332639738583e-05,15,3,15,3,36,0,0
107,15,rank_target,1,0.9926829268292683,407,0.99853515625,4.8556015620258004e-05,15,3,15,3,36,0,0
108,15,rank_target,1,0.9902439024390244,406,0.99755859375,9.993758232520489e-05,15,3,15,3,36,0,0
109,15,rank_target,1,0.9975609756097561,409,0.99951171875,2.221869819207971e-05,15,3,15,3,36,0,0
110,15,rank_target,1,1.0,410,1.0,7.949969182177895e-06,15,3,15,3,36,0,0
111,10,rank_target,1,0.9,369,0.978515625,0.00035173724915154404,10,2,10,2,24,0,0
112,15,rank_target,1,0.9902439024390244,406,0.998779296875,5.342701928736638e-05,15,3,15,3,36,0,0
113,15,rank_target,1,0.9926829268292683,407,0.99853515625,6.40120200529017e-05,15,3,15,3,36,0,0
114,15,rank_target,1,0.9902439024390244,406,0.99853515625,1.635846372623691e-05,15,3,15,3,36,0,0
115,15,rank_target,1,1.0,410,1.0,2.0995625308637953e-05,15,3,15,3,36,0,0
116,15,rank_target,1,0.9951219512195122,408,0.9990234375,1.4848310662156638e-05,15,3,15,3,36,0,0
117,15,rank_target,1,0.9951219512195122,408,0.999267578125,8.48860636936918e-06,15,3,15,3,36,0,0
118,15,rank_target,1,0.9951219512195122,408,0.9990234375,3.155818753267895e-05,15,3,15,3,36,0,0
119,15,rank_target,1,1.0,410,1.0,1.358417292641676e-05,15,3,15,3,36,0,0
120,15,rank_target,1,0.9951219512195122,408,0.998779296875,3.280972247490093e-05,15,3,15,3,36,0,0
121,10,rank_target,1,0.9,369,0.97705078125,0.00024524260765945054,10,2,10,2,24,0,0
122,15,rank_target,1,0.9926829268292683,407,0.998046875,6.889876646010889e-05,15,3,15,3,36,0,0
123,15,rank_target,1,1.0,410,1.0,2.738876208637755e-05,15,3,15,3,36,0,0
124,15,rank_target,1,0.9975609756097561,409,0.99951171875,1.2154115270260934e-05,15,3,15,3,36,0,0
125,15,rank_target,1,0.9926829268292683,407,0.998779296875,2.1821107447532147e-05,15,3,15,3,36,0,0
126,15,rank_target,1,0.9926829268292683,407,0.9990234375,4.902622825063613e-05,15,3,15,3,36,0,0
127,15,rank_target,1,0.9951219512195122,408,0.999267578125,6.812923545994599e-06,15,3,15,3,36,0,0
128,15,rank_target,1,1.0,410,1.0,3.993932893298257e-05,15,3,15,3,36,0,0
129,15,rank_target,1,0.9951219512195122,408,0.999267578125,3.013489925649139e-05,15,3,15,3,36,0,0
130,15,rank_target,1,0.9975609756097561,409,0.99951171875,4.25084080087232e-05,15,3,15,3,36,0,0
131,15,rank_target,1,1.0,410,1.0,7.924804801966446e-06,15,3,15,3,36,0,0
132,15,rank_target,1,1.0,410,1.0,2.8443793840250053e-06,15,3,15,3,36,0,0
133,15,rank_target,1,0.9975609756097561,409,0.99951171875,5.614174477123084e-06,15,3,15,3,36,0,0
134,15,rank_target,1,0.9951219512195122,408,0.9990234375,5.298712234496234e-05,15,3,15,3,36,0,0
135,15,rank_target,1,0.9951219512195122,408,0.998779296875,3.515418151963791e-05,15,3,15,3,36,0,0
136,15,rank_target,1,1.0,410,1.0,2.5523873803578657e-05,15,3,15,3,36,0,0
137,15,rank_target,1,0.9951219512195122,408,0.999267578125,1.216159541094916e-05,15,3,15,3,36,0,0
138,15,rank_target,1,0.9902439024390244,406,0.998046875,4.4497755240072254e-05,15,3,15,3,36,0,0
139,15,rank_target,1,0.9975609756097561,409,0.99951171875,1.6535725971866783e-05,15,3,15,3,36,0,0
140,15,rank_target,1,1.0,410,1.0,7.517432552978867e-06,15,3,15,3,36,0,0
141,10,rank_target,1,0.9585365853658536,393,0.990966796875,0.00010827286551548328,10,2,10,2,24,0,0
142,15,rank_target,1,0.9926829268292683,407,0.998779296875,2.9542884064493378e-05,15,3,15,3,36,0,0
143,15,rank_target,1,0.9926829268292683,407,0.998779296875,2.873356047417239e-05,15,3,15,3,36,0,0
144,10,rank_target,1,0.9292682926829269,381,0.988037109375,0.0003018419844550112,10,2,10,2,24,0,0
145,15,rank_target,1,0.9902439024390244,406,0.998291015625,3.681044025169109e-05,15,3,15,3,36,0,0
146,15,rank_target,1,0.9975609756097561,409,0.999267578125,3.5382647885083806e-05,15,3,15,3,36,0,0
147,15,rank_target,1,1.0,410,1.0,1.7061436344426345e-05,15,3,15,3,36,0,0
148,15,rank_target,1,1.0,410,1.0,3.5168544766655444e-05,15,3,15,3,36,0,0
149,15,rank_target,1,0.9975609756097561,409,0.999267578125,4.062402966107686e-05,15,3,15,3,36,0,0
150,15,rank_target,1,0.9951219512195122,408,0.9990234375,1.0749823707008456e-05,15,3,15,3,36,0,0
151,15,rank_target,1,0.9951219512195122,408,0.999267578125,6.421037849408946e-05,15,3,15,3,36,0,0
152,10,rank_target,1,0.948780487804878,389,0.986328125,0.0002664258263920696,10,2,10,2,24,0,0
153,15,rank_target,1,0.9926829268292683,407,0.997802734375,2.0668076396725696e-05,15,3,15,3,36,0,0
154,15,rank_target,1,0.9975609756097561,409,0.99951171875,5.8982263882491764e-05,15,3,15,3,36,0,0
155,15,rank_target,1,0.9975609756097561,409,0.99951171875,7.450835551287979e-06,15,3,15,3,36,0,0
156,15,rank_target,1,1.0,410,1.0,4.493478323847117e-05,15,3,15,3,36,0,0
157,15,rank_target,1,1.0,410,1.0,2.6130698283735043e-05,15,3,15,3,36,0,0
158,15,rank_target,1,0.9975609756097561,409,0.99951171875,3.2097061785181336e-06,15,3,15,3,36,0,0
159,15,rank_target,1,1.0,410,1.0,3.082257015419866e-05,15,3,15,3,36,0,0
160,15,rank_target,1,0.9878048780487805,405,0.99658203125,4.1925249110692445e-05,15,3,15,3,36,0,0
161,15,rank_target,1,1.0,410,1.0,7.868672798796515e-06,15,3,15,3,36,0,0
162,10,rank_target,1,0.9317073170731708,382,0.980712890625,0.0009629070580369024,10,2,10,2,24,0,0
163,15,rank_target,1,0.9975609756097561,409,0.99951171875,3.432163616093323e-05,15,3,15,3,36,0,0
164,10,rank_target,1,0.9317073170731708,382,0.98583984375,0.00019986789526708164,10,2,10,2,24,0,0
165,15,rank_target,1,0.9975609756097561,409,0.999267578125,5.829205873154428e-06,15,3,15,3,36,0,0
166,15,rank_target,1,0.9951219512195122,408,0.999267578125,4.574734697812976e-05,15,3,15,3,36,0,0
167,15,rank_target,1,0.9926829268292683,407,0.9990234375,2.0958395306045888e-05,15,3,15,3,36,0,0
168,15,rank_target,1,0.9951219512195122,408,0.9990234375,2.147766524891178e-05,15,3,15,3,36,0,0
169,15,rank_target,1,0.9975609756097561,409,0.999267578125,3.809901042354609e-05,15,3,15,3,36,0,0
170,15,rank_target,1,0.9951219512195122,408,0.9990234375,5.3003643609350714e-06,15,3,15,3,36,0,0
171,10,rank_target,1,0.9146341463414634,375,0.978759765625,0.0004692626386603631,10,2,10,2,24,0,0
172,15,rank_target,1,1.0,410,1.0,2.1644687470322453e-06,15,3,15,3,36,0,0
173,15,rank_target,1,0.9975609756097561,409,0.99951171875,2.3719250423335153e-05,15,3,15,3,36,0,0
174,15,rank_target,1,0.9951219512195122,408,0.998779296875,2.4800300294807737e-05,15,3,15,3,36,0,0
175,15,rank_target,1,0.9804878048780488,402,0.997314453125,4.427230811038619e-05,15,3,15,3,36,0,0
176,15,rank_target,1,1.0,410,1.0,5.52432688176397e-06,15,3,15,3,36,0,0
177,15,rank_target,1,0.9951219512195122,408,0.999267578125,9.123193818053972e-06,15,3,15,3,36,0,0
178,15,rank_target,1,0.9926829268292683,407,0.998779296875,4.709672852018993e-05,15,3,15,3,36,0,0
179,15,rank_target,1,0.9951219512195122,408,0.9990234375,1.3015082493171214e-05,15,3,15,3,36,0,0
180,15,rank_target,1,0.9853658536585366,404,0.997802734375,1.672219624904178e-05,15,3,15,3,36,0,0
181,15,rank_target,1,0.9951219512195122,408,0.999267578125,1.6195731378802685e-05,15,3,15,3,36,0,0
182,15,rank_target,1,0.9951219512195122,408,0.998779296875,3.6677744270781386e-05,15,3,15,3,36,0,0
183,15,rank_target,1,0.9902439024390244,406,0.998046875,5.625561786478446e-05,15,3,15,3,36,0,0
184,15,rank_target,1,1.0,410,1.0,4.002925536943166e-06,15,3,15,3,36,0,0
185,15,rank_target,1,1.0,410,1.0,1.623770913164427e-05,15,3,15,3,36,0,0
186,15,rank_target,1,0.9951219512195122,408,0.998779296875,6.291898245537986e-05,15,3,15,3,36,0,0
187,15,rank_target,1,0.9926829268292683,407,0.9990234375,2.7842902488325705e-05,15,3,15,3,36,0,0
188,15,rank_target,1,1.0,410,1.0,1.169264996542703e-05,15,3,15,3,36,0,0
189,15,rank_target,1,0.9951219512195122,408,0.998779296875,6.275629327997703e-05,15,3,15,3,36,0,0
190,15,rank_target,1,1.0,410,1.0,4.597899906509461e-05,15,3,15,3,36,0,0
191,15,rank_target,1,1.0,410,1.0,8.731160018691734e-06,15,3,15,3,36,0,0
192,15,rank_target,1,0.9951219512195122,408,0.9990234375,7.064900867003316e-05,15,3,15,3,36,0,0
193,15,rank_target,1,0.9975609756097561,409,0.999267578125,2.3251632620908517e-05,15,3,15,3,36,0,0
194,15,rank_target,1,1.0,410,1.0,2.1040117182033227e-05,15,3,15,3,36,0,0
195,15,rank_target,1,0.9926829268292683,407,0.998291015625,6.630693669429964e-05,15,3,15,3,36,0,0
196,15,rank_target,1,0.9975609756097561,409,0.999267578125,8.518719514032554e-05,15,3,15,3,36,0,0
197,15,rank_target,1,0.9926829268292683,407,0.998779296875,3.637096015649369e-05,15,3,15,3,36,0,0
198,10,rank_target,1,0.9439024390243902,387,0.9853515625,0.0004857563833642656,10,2,10,2,24,0,0
199,10,rank_target,1,0.9097560975609756,373,0.97998046875,0.00048198536717496024,10,2,10,2,24,0,0
