test_set,test_label,family,method,method_label,alpha,qhat,mode,scale_floor,calibration_count,coverage_scope,scale,hybrid_sigma_calib_median,hybrid_rung4_calib_median,marginal_coverage,fieldwise_coverage,mean_width,interface_coverage,interior_coverage,width_error_spearman,width_error_auroc_top10,marginal_coverage_ci95_low,marginal_coverage_ci95_high,fieldwise_coverage_ci95_low,fieldwise_coverage_ci95_high,mean_width_ci95_low,mean_width_ci95_high,interface_coverage_ci95_low,interface_coverage_ci95_high,interior_coverage_ci95_low,interior_coverage_ci95_high,width_error_spearman_ci95_low,width_error_spearman_ci95_high,width_error_auroc_top10_ci95_low,width_error_auroc_top10_ci95_high,weighted_claim_scope,weighted_ratio_model,weighted_classifier_train_auc,weighted_effective_sample_size,weighted_weight_min,weighted_weight_max,unweighted_scalar_qhat,unweighted_scalar_fieldwise_coverage,weighted_scalar_fieldwise_coverage
test_id,TEST_ID,C,global_cell,global cell,0.1,0.0030437136774388463,cellwise,,204800,empirical_pooled_cell_diagnostic,none,0.00058948121035326,0.0006868949683765302,0.9013037109375,0.05,0.00608742735487769,0.8054835232073657,0.9205943254007825,0.0,0.5,0.88447705078125,0.916358642578125,0.025,0.08,0.00608742735487769,0.00608742735487769,0.7807152800290007,0.8295080071704123,0.9054450984965374,0.9345805511609712,0.0,0.0,0.5,0.5,,,,,,,,,
test_id,TEST_ID,C,global_field,global field,0.1,0.010979890477065827,fieldwise,,200,exchangeable_field_split_conformal,none,0.00058948121035326,0.0006868949683765302,0.996552734375,0.885,0.02195978095413165,0.9894233850995018,0.9979880219851125,0.0,0.5,0.993862060546875,0.998681884765625,0.84,0.925,0.02195978095413165,0.02195978095413165,0.9820226458756856,0.9955710722511093,0.9960532008340401,0.9993806863495703,0.0,0.0,0.5,0.5,,,,,,,,,
test_id,TEST_ID,C,ensemble_norm,ensemble norm,0.1,5.280740297437959,cellwise,2.9474060517663e-05,204800,empirical_pooled_cell_diagnostic,sigma_ens,0.00058948121035326,0.0006868949683765302,0.9066455078125,0.0,0.007756720656400369,0.8733719879956878,0.9133441655570481,0.33492195385472456,0.7018360952109884,0.8966790771484375,0.9149615478515625,0.0,0.0,0.0075179263047970325,0.007992838723611163,0.8602958433004634,0.8849101289907992,0.9042766945133173,0.9211784784548609,0.3201890734607405,0.34970679077701905,0.6926087449796022,0.7108465075951634,,,,,,,,,
test_id,TEST_ID,C,raw_residual_norm,raw |r| norm,0.1,0.0036797855672185014,cellwise,0.0666141523580718,204800,empirical_pooled_cell_diagnostic,abs_r,0.00058948121035326,0.0006868949683765302,0.9072216796875,0.0,0.20849667113542097,0.9468255586958422,0.8992485878026033,0.25048455499486655,0.6921489147507458,0.9004638671875,0.9132623291015625,0.0,0.0,0.19759102169244339,0.21906119135180332,0.941815105177028,0.9511680704398151,0.8920500435986375,0.9060372937100324,0.2340650254613357,0.2677308002725756,0.679953022384913,0.7047395441320642,,,,,,,,,
test_id,TEST_ID,C,jacobi20_norm,Jacobi-20 norm,0.1,8.890708382647864,cellwise,2.0530146365369923e-05,204800,empirical_pooled_cell_diagnostic,jacobi20,0.00058948121035326,0.0006868949683765302,0.902783203125,0.0,0.009956464935669162,0.8937968007925177,0.9045923544835435,0.5208307905170948,0.8355064935749449,0.893771728515625,0.9112315673828125,0.0,0.0,0.009656364716952638,0.010282736271438817,0.8832168558672552,0.9043531042605812,0.895322045000264,0.9130412078268908,0.5045240369429737,0.537013733682984,0.8226123897093703,0.8486804404773199,,,,,,,,,
test_id,TEST_ID,C,rung4_norm,rung-4 norm,0.1,1.6990971306586913,cellwise,3.434474841882651e-05,204800,empirical_pooled_cell_diagnostic,rung4,0.00058948121035326,0.0006868949683765302,0.8818115234375,0.0,0.003656981505065426,0.8413799131726931,0.8899512549932836,0.9039382034762656,0.9692230901405184,0.867202392578125,0.89560595703125,0.0,0.0,0.0033539481567650934,0.004027699619556134,0.8227737193945086,0.859592136888575,0.8764894804502805,0.9019333018404432,0.8894876036420563,0.9188032367526722,0.9595633202618512,0.9771911941431326,,,,,,,,,
test_id,TEST_ID,C,hybrid_ens_rung4,ens+rung4 hybrid,0.1,0.0012888526391874008,cellwise,0.05441712664134906,204800,empirical_pooled_cell_diagnostic,hybrid,0.00058948121035326,0.0006868949683765302,0.893486328125,0.0,0.0036250221757929374,0.8328137292036946,0.9057009954305222,0.7984995589493212,0.9519233526243107,0.8813843994140624,0.9046982421875,0.0,0.0,0.003418230036920587,0.0038549077695932466,0.8161083880764768,0.8500719520109365,0.8938952502809627,0.9157061794618448,0.7864675842181466,0.811097448892515,0.945991438969883,0.9576531537585782,,,,,,,,,
test_r,TEST_R,R,global_cell,global cell,0.1,0.0030437136774388463,cellwise,,204800,empirical_pooled_cell_diagnostic,none,0.00058948121035326,0.0006868949683765302,0.2799658203125,0.0,0.00608742735487769,0.22189964677989066,0.2864831399043083,0.0,0.5,0.2654664306640625,0.29470312499999995,0.0,0.0,0.00608742735487769,0.00608742735487769,0.2069240212725562,0.23843186412168518,0.27190837689340147,0.30174305626278036,0.0,0.0,0.5,0.5,,,,,,,,,
test_r,TEST_R,R,global_field,global field,0.1,0.010979890477065827,fieldwise,,200,exchangeable_field_split_conformal,none,0.00058948121035326,0.0006868949683765302,0.790849609375,0.0,0.02195978095413165,0.7180045483137368,0.7990257042463871,0.0,0.5,0.774306884765625,0.8071075439453125,0.0,0.0,0.02195978095413165,0.02195978095413165,0.6934490042788808,0.7423784374109216,0.7815419192026519,0.8162494528301292,0.0,0.0,0.5,0.5,,,,,,,,,
test_r,TEST_R,R,ensemble_norm,ensemble norm,0.1,5.280740297437959,cellwise,2.9474060517663e-05,204800,empirical_pooled_cell_diagnostic,sigma_ens,0.00058948121035326,0.0006868949683765302,0.8183251953125,0.0,0.031745125875119795,0.7891324333478492,0.8216017769764247,0.24973624529802055,0.6349604166007822,0.807626220703125,0.8288388671875,0.0,0.0,0.03099388910317147,0.03247269294506146,0.7710532857070952,0.80737655816055,0.8108811220180936,0.8316110903656516,0.22677827076335869,0.2733733532582613,0.615929504917618,0.6545417852587416,,,,,,,,,
test_r,TEST_R,R,raw_residual_norm,raw |r| norm,0.1,0.0036797855672185014,cellwise,0.0666141523580718,204800,empirical_pooled_cell_diagnostic,abs_r,0.00058948121035326,0.0006868949683765302,0.51107421875,0.0,0.024356951345611746,0.5534910727246335,0.5063133713131269,0.16226068798739185,0.6089930478690322,0.49880664062499996,0.523835205078125,0.0,0.0,0.023205789587029135,0.025567655149965233,0.5376400556935848,0.5695024684545764,0.49320647273791296,0.5187552867453027,0.15227457528928026,0.172363532546252,0.6002890286518452,0.6170749165902407,,,,,,,,,
test_r,TEST_R,R,jacobi20_norm,Jacobi-20 norm,0.1,8.890708382647864,cellwise,2.0530146365369923e-05,204800,empirical_pooled_cell_diagnostic,jacobi20,0.00058948121035326,0.0006868949683765302,0.839267578125,0.0,0.05011577503646584,0.8522281898679054,0.8378128852514215,0.3101428758701701,0.7713569568746508,0.8313807373046875,0.8467110595703125,0.0,0.0,0.04896343596177879,0.051240626777403014,0.8403615515253066,0.8632790214704494,0.8299054226029483,0.8451915748066372,0.2845923718393958,0.3349209032901911,0.7534545199392809,0.7887787388128141,,,,,,,,,
test_r,TEST_R,R,rung4_norm,rung-4 norm,0.1,1.6990971306586913,cellwise,3.434474841882651e-05,204800,empirical_pooled_cell_diagnostic,rung4,0.00058948121035326,0.0006868949683765302,0.950791015625,0.0,0.02314976951375551,0.9590167900517733,0.9498677586309896,0.9791894140897353,0.997980930394358,0.9448629150390625,0.95592822265625,0.0,0.0,0.022249091201558987,0.024056155756964986,0.9513941167361692,0.9660418617836146,0.9445387533526033,0.9548175233745483,0.9763461679485878,0.9816679126440642,0.9975789467442522,0.9983690111002181,,,,,,,,,
test_r,TEST_R,R,hybrid_ens_rung4,ens+rung4 hybrid,0.1,0.0012888526391874008,cellwise,0.05441712664134906,204800,empirical_pooled_cell_diagnostic,hybrid,0.00058948121035326,0.0006868949683765302,0.9512109375,0.0,0.01935418872478172,0.9301301591909807,0.9535770339917342,0.8770423650847577,0.9733070849540917,0.946528076171875,0.9554251708984375,0.0,0.0,0.01879011588666975,0.019928379763494646,0.9207352554707275,0.9391538199853297,0.9494284886649256,0.9576017429297776,0.869305103597628,0.8843217897447875,0.9702093953912484,0.9763257289459537,,,,,,,,,
test_b,TEST_B,B,global_cell,global cell,0.1,0.0030437136774388463,cellwise,,204800,empirical_pooled_cell_diagnostic,none,0.00058948121035326,0.0006868949683765302,0.4627734375,0.0,0.00608742735487769,0.41205714285714284,0.5723456790123457,0.0,0.5,0.46236328125,0.463154296875,0.0,0.0,0.00608742735487769,0.00608742735487769,0.4117571428571429,0.41235714285714287,0.5716975308641975,0.5729938271604939,0.0,0.0,0.5,0.5,,,,,,,,,
test_b,TEST_B,B,global_field,global field,0.1,0.010979890477065827,fieldwise,,200,exchangeable_field_split_conformal,none,0.00058948121035326,0.0006868949683765302,0.8515234375,0.0,0.02195978095413165,0.8321142857142857,0.8934567901234568,0.0,0.5,0.85138671875,0.85166015625,0.0,0.0,0.02195978095413165,0.02195978095413165,0.8320142857142857,0.8322142857142857,0.8932403549382717,0.8936728395061728,0.0,0.0,0.5,0.5,,,,,,,,,
test_b,TEST_B,B,ensemble_norm,ensemble norm,0.1,5.280740297437959,cellwise,2.9474060517663e-05,204800,empirical_pooled_cell_diagnostic,sigma_ens,0.00058948121035326,0.0006868949683765302,0.5239453125,0.0,0.008456970035977647,0.4792571428571429,0.6204938271604938,0.25469446704456045,0.641059633366012,0.523876953125,0.524013671875,0.0,0.0,0.008453074973801523,0.008460865098153773,0.47915714285714284,0.47935714285714287,0.6200925925925926,0.620895061728395,0.2538772798798369,0.255511654209284,0.6403346404815367,0.6417362933915226,,,,,,,,,
test_b,TEST_B,B,raw_residual_norm,raw |r| norm,0.1,0.0036797855672185014,cellwise,0.0666141523580718,204800,empirical_pooled_cell_diagnostic,abs_r,0.00058948121035326,0.0006868949683765302,0.788515625,0.0,0.6170637660019296,0.8013714285714286,0.7607407407407407,0.1042447739233755,0.6056658549697984,0.788310546875,0.788720703125,0.0,0.0,0.6165506325880628,0.6175778862108229,0.8011714285714285,0.8015714285714286,0.7605401234567901,0.7609567901234567,0.10347809519072428,0.10501145265602677,0.605248932671326,0.6060820340912683,,,,,,,,,
test_b,TEST_B,B,jacobi20_norm,Jacobi-20 norm,0.1,8.890708382647864,cellwise,2.0530146365369923e-05,204800,empirical_pooled_cell_diagnostic,jacobi20,0.00058948121035326,0.0006868949683765302,0.5826953125,0.0,0.011337771580610955,0.5295428571428571,0.6975308641975309,0.016644804929825147,0.4817680233600035,0.5821240234375,0.583310546875,0.0,0.0,0.011336387440293711,0.011339155720928196,0.5286428571428572,0.5304428571428571,0.6975308641975309,0.6975308641975309,0.015083157892210864,0.018326578662640525,0.48143744136280753,0.4820986053571994,,,,,,,,,
test_b,TEST_B,B,rung4_norm,rung-4 norm,0.1,1.6990971306586913,cellwise,3.434474841882651e-05,204800,empirical_pooled_cell_diagnostic,rung4,0.00058948121035326,0.0006868949683765302,0.374765625,0.0,0.004946097271494819,0.3289142857142857,0.47382716049382717,0.7639225189569383,0.9689564424485837,0.3739453125,0.37564453125,0.0,0.0,0.004741793217435043,0.005164764508394574,0.3276142857142857,0.33021428571428574,0.4736111111111111,0.4740432098765432,0.7450056799883306,0.7814559725106188,0.9678786407766992,0.9701299281595563,,,,,,,,,
test_b,TEST_B,B,hybrid_ens_rung4,ens+rung4 hybrid,0.1,0.0012888526391874008,cellwise,0.05441712664134906,204800,empirical_pooled_cell_diagnostic,hybrid,0.00058948121035326,0.0006868949683765302,0.39671875,0.0,0.0044817822971396385,0.3429714285714286,0.5128395061728395,0.7506347045208677,0.9491979486206426,0.3958984375,0.3975390625,0.0,0.0,0.004368275201029792,0.004587725230254675,0.3425714285714286,0.34337142857142855,0.5112345679012346,0.5145679012345679,0.7338811798741373,0.7673018738111657,0.9489151658180744,0.9494731349419689,,,,,,,,,
test_cs,TEST_CS,C,global_cell,global cell,0.1,0.0030437136774388463,cellwise,,204800,empirical_pooled_cell_diagnostic,none,0.00058948121035326,0.0006868949683765302,0.83591796875,0.015,0.00608742735487769,0.7387860232298197,0.8603448908008751,0.0,0.5,0.8161119384765625,0.8556750488281251,0.0,0.035,0.00608742735487769,0.00608742735487769,0.7090364645631448,0.7684992905056605,0.8413025504357649,0.8783171370496271,0.0,0.0,0.5,0.5,,,,,,,,,
test_cs,TEST_CS,C,global_field,global field,0.1,0.010979890477065827,fieldwise,,200,exchangeable_field_split_conformal,none,0.00058948121035326,0.0006868949683765302,0.990693359375,0.765,0.02195978095413165,0.9787626962142197,0.9936937047040563,0.0,0.5,0.9856535644531249,0.99513232421875,0.705,0.825,0.02195978095413165,0.02195978095413165,0.9680172199502802,0.988101390551783,0.9897206321663852,0.9970921564697666,0.0,0.0,0.5,0.5,,,,,,,,,
test_cs,TEST_CS,C,ensemble_norm,ensemble norm,0.1,5.280740297437959,cellwise,2.9474060517663e-05,204800,empirical_pooled_cell_diagnostic,sigma_ens,0.00058948121035326,0.0006868949683765302,0.868369140625,0.0,0.008382015383249588,0.8260193419837683,0.8790193466384757,0.3443981190860225,0.6965177150206087,0.856102294921875,0.8801129150390625,0.0,0.0,0.008135899630217365,0.008633805187755786,0.8100653838292335,0.8414095501216927,0.8679559550452746,0.8893190361677576,0.3279019141868164,0.36115593423130227,0.6861897110833519,0.706481483824041,,,,,,,,,
test_cs,TEST_CS,C,raw_residual_norm,raw |r| norm,0.1,0.0036797855672185014,cellwise,0.0666141523580718,204800,empirical_pooled_cell_diagnostic,abs_r,0.00058948121035326,0.0006868949683765302,0.8946923828125,0.0,0.27622263579958917,0.9326189434805852,0.8851545408992582,0.2582530409901502,0.6926615751135847,0.8883087158203125,0.9011926269531251,0.0,0.0,0.2641271522987735,0.2889050621757572,0.9273723722546503,0.9373773481579926,0.8776200631043081,0.8924968566115217,0.23819200234360716,0.27939757768381673,0.6781369731876496,0.7063470406006557,,,,,,,,,
test_cs,TEST_CS,C,jacobi20_norm,Jacobi-20 norm,0.1,8.890708382647864,cellwise,2.0530146365369923e-05,204800,empirical_pooled_cell_diagnostic,jacobi20,0.00058948121035326,0.0006868949683765302,0.8674609375,0.0,0.010961355855749888,0.8495650483549594,0.8719614289380736,0.4571683164899061,0.7918158554968744,0.856771728515625,0.8772720947265625,0.0,0.0,0.010662229016828714,0.011292755933893813,0.8365161085699462,0.86279369206452,0.8616973871275775,0.8822230733225174,0.4402966580195871,0.47339749243382856,0.7769206836437811,0.8067843422883526,,,,,,,,,
test_cs,TEST_CS,C,rung4_norm,rung-4 norm,0.1,1.6990971306586913,cellwise,3.434474841882651e-05,204800,empirical_pooled_cell_diagnostic,rung4,0.00058948121035326,0.0006868949683765302,0.866337890625,0.01,0.004774524035836753,0.8258249501871021,0.8765261601261259,0.9007262474570382,0.9675930025405057,0.84830322265625,0.8821346435546874,0.0,0.025,0.004373864082713717,0.005209936769277342,0.8039925499073671,0.8458080413569302,0.858488150017525,0.892822267498315,0.8857733502373105,0.9155448540331893,0.958232390394569,0.9752156880185109,,,,,,,,,
test_cs,TEST_CS,C,hybrid_ens_rung4,ens+rung4 hybrid,0.1,0.0012888526391874008,cellwise,0.05441712664134906,204800,empirical_pooled_cell_diagnostic,hybrid,0.00058948121035326,0.0006868949683765302,0.849970703125,0.0,0.004371530626436223,0.7800699810467998,0.8675494665314154,0.821920591430206,0.9538654691502484,0.8339628906250001,0.8652794189453125,0.0,0.0,0.004115798856114258,0.004653596668633263,0.7596932775009722,0.7993701860539383,0.8517907772754286,0.8812637484711676,0.8076307502453979,0.8348915277931829,0.9467528817874197,0.9603056578961238,,,,,,,,,
test_r,TEST_R,R,weighted_field_cp,weighted field,0.1,0.009488930050615477,fieldwise,,0,empirical_weighted_field_diagnostic,none,0.00058948121035326,0.0006868949683765302,0.7245703125,0.0,0.018977860101230943,0.6457153916872308,0.7334209511603026,0.0,0.5,0.705934326171875,0.743419677734375,0.0,0.0,0.018977860101230953,0.018977860101230953,0.6197779068079547,0.6692959293212584,0.7142297382578929,0.7515830183136122,0.0,0.0,0.5,0.5,roughness-shift weighted-CP diagnostic,logistic,1.0,77.30840582087133,0.09934370999719375,6.829917564485534,0.010979890477065827,0.0,0.0
test_b,TEST_B,B,weighted_field_cp,weighted field,0.1,0.012714453699767958,fieldwise,,0,empirical_weighted_field_diagnostic,none,0.00058948121035326,0.0006868949683765302,0.942265625,0.0,0.02542890739953592,0.9334285714285714,0.961358024691358,0.0,0.5,0.94185546875,0.94267578125,0.0,0.0,0.02542890739953591,0.02542890739953591,0.9329642857142857,0.9339285714285714,0.961141975308642,0.961574074074074,0.0,0.0,0.5,0.5,documented support-breaking failure diagnostic,logistic,1.0,65.7610445497366,0.023680580318119412,8.399506094649432,0.010979890477065827,0.0,0.0
test_cs,TEST_CS,C,weighted_field_cp,weighted field,0.1,0.013929510250730585,fieldwise,,0,empirical_weighted_field_diagnostic,none,0.00058948121035326,0.0006868949683765302,0.9967822265625,0.895,0.027859020501461166,0.993050493269184,0.9977206897816018,0.0,0.5,0.99419921875,0.9987890625,0.85,0.935,0.027859020501461166,0.027859020501461166,0.988464949456941,0.9968159380583167,0.9956711851301011,0.9992422785130906,0.0,0.0,0.5,0.5,in-family geometry-shift empirical weighted-CP diagnostic,logistic,0.791925,82.48795030867122,0.03512797622100591,7.357067941601253,0.010979890477065827,0.765,0.895
