sample,operator_kappa,spearman
0,1,0.2342378384056934
0,2,0.20184890431657249
0,5,0.15805775472069236
0,10,0.1271770505507474
0,50,0.09941755775695586
0,100,0.09815996933338099
0,500,0.09592318369572991
1,1,0.2564125308454331
1,2,0.25992300935197765
1,5,0.2450712685966669
1,10,0.24073466892568482
1,50,0.23855890360131607
1,100,0.23515374660253197
1,500,0.2322303595057578
2,1,0.21259016701237393
2,2,0.22004671518489377
2,5,0.2307856421214505
2,10,0.23312726870395534
2,50,0.23735692636435163
2,100,0.23716448885988126
2,500,0.23803825280738142
3,1,0.29609463289464266
3,2,0.2945191465202775
3,5,0.2705320725448823
3,10,0.26133692600672337
3,50,0.2491043201487733
3,100,0.24367455162363208
3,500,0.2424654218224733
4,1,0.35909581530291107
4,2,0.4246853542307417
4,5,0.47912662720835414
4,10,0.4968097440276088
4,50,0.5056051628102425
4,100,0.506361691760246
4,500,0.5083476794399542
5,1,0.11617287524139903
5,2,0.11884951004935268
5,5,0.11811040429869106
5,10,0.11872385961304627
5,50,0.11352185555396609
5,100,0.11208791171947641
5,500,0.11303639761104353
6,1,0.3116075164508976
6,2,0.3758480035405192
6,5,0.43209244912738715
6,10,0.4556047269508619
6,50,0.4819160154853014
6,100,0.4829654531149416
6,500,0.48274009146341457
7,1,0.3747153950003576
7,2,0.41683815311851796
7,5,0.44529583676060364
7,10,0.4505274569058007
7,50,0.4614818995422359
7,100,0.46054121441599316
7,500,0.4632541820148773
8,1,0.2926155697911451
8,2,0.2948924321400472
8,5,0.2900369027608898
8,10,0.2881573988806237
8,50,0.28616509682783775
8,100,0.28494903798011584
8,500,0.2844469950289678
9,1,0.2986619675810027
9,2,0.21755143140690938
9,5,0.09499696016021743
9,10,0.029018634664902364
9,50,-0.03625460446320005
9,100,-0.04717118321293183
9,500,-0.05749282508404263
10,1,0.27322499061225947
10,2,0.28272235533938916
10,5,0.27166822383949646
10,10,0.26213013419998565
10,50,0.2510895478685359
10,100,0.2465491671733066
10,500,0.2445718296259209
11,1,0.08599235122666475
11,2,0.13623367203705028
11,5,0.18268812361419065
11,10,0.20530661031042127
11,50,0.2252652483727916
11,100,0.2283482829375581
11,500,0.23114919354838703
12,1,0.3062178805164151
12,2,0.30474687745869394
12,5,0.2766291194299406
12,10,0.25507433078821257
12,50,0.23050442341391889
12,100,0.22518982234818677
12,500,0.21955183597382164
13,1,0.298966476825692
13,2,0.3201282097131821
13,5,0.32833201085401614
13,10,0.33204194531864667
13,50,0.33712321632930403
13,100,0.3377072343716472
13,500,0.33796329616980186
14,1,0.22712017648952149
14,2,0.23588295052213715
14,5,0.24847032356412274
14,10,0.2449645165760675
14,50,0.246525552535584
14,100,0.24968074976754162
14,500,0.2497542200128746
15,1,0.2729734103426078
15,2,0.2645214934554037
15,5,0.2508255288427151
15,10,0.24268279271868962
15,50,0.23225786335026105
15,100,0.23087408804806517
15,500,0.22400245198841282
16,1,0.35899409242901076
16,2,0.36510553384951
16,5,0.3677516808525856
16,10,0.36802989324797936
16,50,0.3715104427437236
16,100,0.3733455336706959
16,500,0.37462890485301475
17,1,0.3369128862384665
17,2,0.3709679654531149
17,5,0.37842641352549883
17,10,0.3806454630391245
17,50,0.3755392698126028
17,100,0.3743527264680638
17,500,0.3729954603569129
18,1,0.3715901267792003
18,2,0.33800340640869747
18,5,0.2770806026929404
18,10,0.25343915403046985
18,50,0.2257887490165224
18,100,0.22055007689006506
18,500,0.21865832424361634
19,1,0.27189683767255557
19,2,0.2807175027716186
19,5,0.28198923986124025
19,10,0.28084991461626485
19,50,0.2795575133216508
19,100,0.27928667700808235
19,500,0.2795353068450039
20,1,0.2148483209355554
20,2,0.257679004094843
20,5,0.29165585213861667
20,10,0.3103411326085401
20,50,0.33216220898004434
20,100,0.3338208103855232
20,500,0.3362589742328875
21,1,0.27351354069809025
21,2,0.2603854896824261
21,5,0.20877091007438667
21,10,0.18143824654888777
21,50,0.16787658250482795
21,100,0.16272376350046489
21,500,0.15790344932408268
22,1,0.3441248390673056
22,2,0.28765312075316496
22,5,0.1912783532115013
22,10,0.1445131562477648
22,50,0.09925858084185679
22,100,0.08965697866747728
22,500,0.08297196865388741
23,1,0.23544711349331235
23,2,0.2715742011479865
23,5,0.29196948090265357
23,10,0.29978005865102636
23,50,0.3020966289070882
23,100,0.30350047609255415
23,500,0.3033316308740433
24,1,0.30282357529861953
24,2,0.2957777743008368
24,5,0.2604878607574565
24,10,0.2500351593233674
24,50,0.23505377834203559
24,100,0.23644986946570343
24,500,0.2361312115549674
25,1,0.4098069254702811
25,2,0.4631069956548172
25,5,0.5020591561762391
25,10,0.514355173986124
25,50,0.5245231027823475
25,100,0.5267312334596952
25,500,0.5297677763571991
26,1,0.39460292092840277
26,2,0.34231766549245407
26,5,0.2670492096416565
26,10,0.22821233951434086
26,50,0.18195495225663397
26,100,0.17724605044345898
26,500,0.17240002056362205
27,1,0.3886961210750303
27,2,0.36704078302696513
27,5,0.32335496611472714
27,10,0.2902609009548673
27,50,0.26142710419497883
27,100,0.2575493303411773
27,500,0.2521294524712109
28,1,0.19890970334740002
28,2,0.22112770232815968
28,5,0.24084824940991348
28,10,0.24020898898505116
28,50,0.23709414786138328
28,100,0.23700402555253558
28,500,0.23677847391102208
29,1,0.2727069549746084
29,2,0.29172712073528356
29,5,0.2996005516415135
29,10,0.3016035490129461
29,50,0.30428201666547455
29,100,0.30669549299048704
29,500,0.30841641111150847
30,1,0.2634666466990916
30,2,0.2580976190901938
30,5,0.23715797332093555
30,10,0.22762736034618405
30,50,0.2177694393283742
30,100,0.2159979168156784
30,500,0.21526952873542662
31,1,0.22974935850439882
31,2,0.2343621700879765
31,5,0.24044553769401328
31,10,0.2424885223696445
31,50,0.2443811914383806
31,100,0.24470772834561186
31,500,0.24470379443530502
32,1,0.30575552312066373
32,2,0.3531635567913597
32,5,0.3900026598598097
32,10,0.40941200334382377
32,50,0.4301266450897646
32,100,0.43099608397110356
32,500,0.4311923548029468
33,1,0.40435393346327153
33,2,0.36415367284171374
33,5,0.26906496986982326
33,10,0.20395414982833845
33,50,0.13507171563192905
33,100,0.12321993911379728
33,500,0.11405818610972034
34,1,0.30177276303554823
34,2,0.32259407857091765
34,5,0.3511062669873399
34,10,0.3646706467706172
34,50,0.3646396336993062
34,100,0.36543333363135677
34,500,0.36548966007438666
35,1,0.3322862389135255
35,2,0.27528222453687146
35,5,0.16408271716973033
35,10,0.10151708121736643
35,50,0.04849513402117159
35,100,0.04634194397754095
35,500,0.042749803304484656
36,1,0.3361173534618411
36,2,0.3216574838173235
36,5,0.26525317842071383
36,10,0.22260358924611973
36,50,0.18332923923539088
36,100,0.18033256070738857
36,500,0.1809942623024104
37,1,0.22392002986195547
37,2,0.21980271216293537
37,5,0.209967757581718
37,10,0.20163250572205135
37,50,0.18747506660825405
37,100,0.1860035718117445
37,500,0.18507683418568058
38,1,0.30387531515985977
38,2,0.3362922448322723
38,5,0.3599496861812459
38,10,0.3715235967563121
38,50,0.3789132125742078
38,100,0.37876688675702735
38,500,0.37845952766254204
39,1,0.2724828003182891
39,2,0.29155773907445814
39,5,0.297558449860525
39,10,0.29899476298190397
39,50,0.2949591298011587
39,100,0.2949906010836134
39,500,0.29506089737858515
40,1,0.2507163740075817
40,2,0.24063927160074386
40,5,0.20673095406265643
40,10,0.18419421893998997
40,50,0.14025825227093913
40,100,0.13190299558329158
40,500,0.12623131392604248
41,1,0.2631239047636077
41,2,0.2750012405228524
41,5,0.2889683320220299
41,10,0.2926320877440812
41,50,0.29659678760460617
41,100,0.29794580591517056
41,500,0.29833461483441814
42,1,0.24742267407553106
42,2,0.23686100779629493
42,5,0.20292914267577425
42,10,0.18175414401688006
42,50,0.16795101387597453
42,100,0.16301667218010155
42,500,0.16114525963808024
43,1,0.30988144624848
43,2,0.32963869492525566
43,5,0.3293920432193691
43,10,0.32628742802732275
43,50,0.31140630587940776
43,100,0.309964304234318
43,500,0.3071699091624347
44,1,0.36375957773049133
44,2,0.39206883448966445
44,5,0.4193085705600458
44,10,0.4271778216865746
44,50,0.43632126859666687
44,100,0.43797392443315925
44,500,0.43846970889063724
45,1,0.15602656060010012
45,2,0.16140901044274372
45,5,0.17101930745297186
45,10,0.1755574529718904
45,50,0.17601882689006507
45,100,0.17621360015378013
45,500,0.17638944147414348
46,1,0.2946441711072169
46,2,0.34077372863171446
46,5,0.36403857243759385
46,10,0.38198794345897996
46,50,0.3941145349045132
46,100,0.39895176936556753
46,500,0.39908044846577495
47,1,0.2851362563479007
47,2,0.2919009503969673
47,5,0.29545606537443675
47,10,0.2992409229490022
47,50,0.30393641370431296
47,100,0.30418844100922676
47,500,0.30548505561118655
48,1,0.25985278011229523
48,2,0.22270487626063942
48,5,0.1695795186324297
48,10,0.1453673624025463
48,50,0.12254186485229954
48,100,0.11989822124669192
48,500,0.12096055584364494
49,1,0.34105977532007725
49,2,0.30156137123596305
49,5,0.2326947285601888
49,10,0.19413766897932908
49,50,0.15151282320649453
49,100,0.14637354937057434
49,500,0.1468063242078535
50,1,0.31875407919676696
50,2,0.3390851758636721
50,5,0.3515918590408411
50,10,0.35566404853014805
50,50,0.35698336134754305
50,100,0.35655454277233384
50,500,0.356635769079465
51,1,0.22791574279379156
51,2,0.20403982413632785
51,5,0.15983372523424647
51,10,0.14055011041770973
51,50,0.11896920374079106
51,100,0.11677090783921035
51,500,0.11605178456476645
52,1,0.23363044041914025
52,2,0.2347958725234246
52,5,0.23030690088334163
52,10,0.22731755373363846
52,50,0.23001604856591087
52,100,0.23183998596309274
52,500,0.2329290085651956
53,1,0.4199487474071954
53,2,0.4512773697339246
53,5,0.469036214326586
53,10,0.4739965958264787
53,50,0.4778732744438881
53,100,0.47842215551462697
53,500,0.47834024747872106
54,1,0.3571496584650597
54,2,0.3667495954330877
54,5,0.3405251323224376
54,10,0.3181570300765324
54,50,0.3119647535047564
54,100,0.3096966306952292
54,500,0.30558652143981113
55,1,0.28374749660253196
55,2,0.2512872939167441
55,5,0.19523520760317573
55,10,0.16952559500393388
55,50,0.13429366193405334
55,100,0.12778222453687146
55,500,0.12388890503182891
56,1,0.3373547582433302
56,2,0.3519945595808597
56,5,0.3583387275588298
56,10,0.36362502011658676
56,50,0.36072135845075454
56,100,0.3604332554001859
56,500,0.3607103502074243
57,1,0.30412922001287457
57,2,0.35851388715041843
57,5,0.3888952417566697
57,10,0.4018331239718188
57,50,0.4131231671554252
57,100,0.4140489995350833
57,500,0.4145569433516916
58,1,0.30094566956941565
58,2,0.3269211563908161
58,5,0.34444738618482224
58,10,0.3491701237393605
58,50,0.35338725323653525
58,100,0.3525155009477147
58,500,0.35398215658751164
59,1,0.21419782874973176
59,2,0.27319380990272507
59,5,0.3331174562799513
59,10,0.3540036925112653
59,50,0.37339466284600525
59,100,0.3743637123596309
59,500,0.3737988833059151
60,1,0.3100370145197053
60,2,0.31121940043630636
60,5,0.28975875742078533
60,10,0.27992632858879907
60,50,0.25582520474215004
60,100,0.2508222990129461
60,500,0.24709831646520278
61,1,0.2929602675059008
61,2,0.2671871200200271
61,5,0.2181023353122094
61,10,0.19726441241685144
61,50,0.17899612643945353
61,100,0.1737287099456405
61,500,0.1712488824118446
62,1,0.29358522280237465
62,2,0.2990221103640655
62,5,0.2835279799370574
62,10,0.2677193154996066
62,50,0.25606424567269864
62,100,0.25488744769687427
62,500,0.2546628460052929
63,1,0.18038419328016592
63,2,0.13652062397181888
63,5,0.08620583291610041
63,10,0.056357120824690646
63,50,0.02407548637436521
63,100,0.017194607860668048
63,500,0.012498446552464059
64,1,0.29186761274229306
64,2,0.2942604472140762
64,5,0.2714710030577212
64,10,0.25366155407338525
64,50,0.2375517331557113
64,100,0.2341961970710249
64,500,0.23436884208926398
65,1,0.2725217929690294
65,2,0.2662398299477862
65,5,0.24070457227666114
65,10,0.2130866331986267
65,50,0.17925348463986837
65,100,0.17085495493884556
65,500,0.165513006490952
66,1,0.3179155863314498
66,2,0.3012938206315714
66,5,0.2615048324511837
66,10,0.24234324708533006
66,50,0.22381305432372506
66,100,0.22102063738287672
66,500,0.2185244036549603
67,1,0.2210960298798369
67,2,0.16980543907803447
67,5,0.08447794104498961
67,10,0.03971538382447608
67,50,0.002053802928975037
67,100,-0.0022768064694943134
67,500,-0.005058572795222087
68,1,0.32786871468421425
68,2,0.35855642255561115
68,5,0.3842520094235033
68,10,0.38732024712109286
68,50,0.39235626698733994
68,100,0.39249892711537077
68,500,0.3926967625706315
69,1,0.3242355026464487
69,2,0.3566389206780631
69,5,0.3732045611007796
69,10,0.3774351687111079
69,50,0.3808121848401402
69,100,0.3808841016379372
69,500,0.3820176266003862
70,1,0.36676162068163937
70,2,0.35745065848294105
70,5,0.31297742248408555
70,10,0.2851749360739575
70,50,0.24432065168800515
70,100,0.2402234505757814
70,500,0.23700164508976462
71,1,0.19808883484729276
71,2,0.14180217795579714
71,5,0.08213355401974107
71,10,0.0510293322187254
71,50,0.029329782383234384
71,100,0.02768355267863529
71,500,0.023645505507474428
72,1,0.360025156909377
72,2,0.3328860708282669
72,5,0.26722150820756735
72,10,0.21592396600743863
72,50,0.1614866828195408
72,100,0.15253061073957513
72,500,0.14890070676274944
73,1,0.3278931004577641
73,2,0.3355520550211
73,5,0.3216459726593234
73,10,0.31073563005149846
73,50,0.3031036652421143
73,100,0.30323067913597024
73,500,0.30257485605464557
74,1,0.28751718850582936
74,2,0.3140880592411129
74,5,0.3182481805664831
74,10,0.3205278592375366
74,50,0.31780367105357266
74,100,0.3188281194120592
74,500,0.31986491711966236
75,1,0.3064566755775695
75,2,0.32271360462413273
75,5,0.33042678456476643
75,10,0.32437000438094554
75,50,0.31822909216078965
75,100,0.31671942055289315
75,500,0.31842036737357843
76,1,0.22266868875616908
76,2,0.19584016924755024
76,5,0.1430153646019598
76,10,0.11642790885845075
76,50,0.10024250545383018
76,100,0.09803112259495027
76,500,0.09604380498533722
77,1,0.195027760889779
77,2,0.18987027036692652
77,5,0.18091021967312781
77,10,0.18444099358057361
77,50,0.18092606707317072
77,100,0.18092595531435518
77,500,0.18090615165224233
78,1,0.23544481126171232
78,2,0.23177802687575996
78,5,0.20610842393247977
78,10,0.1878033022494814
78,50,0.17400210553608467
78,100,0.1697276661183034
78,500,0.1681159028324154
79,1,0.2891135626028181
79,2,0.24698881517774118
79,5,0.1828193061118661
79,10,0.1498375473857378
79,50,0.10690697419712467
79,100,0.10447060966669049
79,500,0.09888444585508904
80,1,0.19423503325942346
80,2,0.21805548601673697
80,5,0.21813105732780197
80,10,0.22006552419354836
80,50,0.22899181254917386
80,100,0.23106563148201126
80,500,0.22942833130677345
81,1,0.25024571293183606
81,2,0.260127237411487
81,5,0.2599920315964523
81,10,0.2574891146913668
81,50,0.25496149908804805
81,100,0.2554706051963379
81,500,0.25642937289893425
82,1,0.2821898581110078
82,2,0.33353210383735066
82,5,0.37093900874400965
82,10,0.38617914491095057
82,50,0.39850714809384163
82,100,0.394782070309706
82,500,0.39855965238538016
83,1,0.13380190079393461
83,2,0.14857982485158427
83,5,0.15486196668693225
83,10,0.15308575030398397
83,50,0.15502160297904297
83,100,0.15505822634289393
83,500,0.15513033313067734
84,1,0.3662177687575996
84,2,0.32846548440741
84,5,0.24906682506616123
84,10,0.20365870422358914
84,50,0.16327845602961158
84,100,0.15232608093126385
84,500,0.14328998953937486
85,1,0.28461715900150203
85,2,0.3130670083506186
85,5,0.3099350457764108
85,10,0.30418551292825974
85,50,0.2945358432873185
85,100,0.29783771278878474
85,500,0.3010802718868464
86,1,0.2934795324905228
86,2,0.32182787130748874
86,5,0.33690982404692077
86,10,0.349595656605393
86,50,0.36052050550747444
86,100,0.36080860855804303
86,500,0.3610278122988341
87,1,0.35354834239324795
87,2,0.3515102527537372
87,5,0.32046080394821536
87,10,0.30018358620627994
87,50,0.2686329326407267
87,100,0.25810861615764247
87,500,0.2570642076747014
88,1,0.12140736758815535
88,2,0.14165835553608466
88,5,0.1621372308847722
88,10,0.1724676793505472
88,50,0.18129149604820827
88,100,0.18284726816751304
88,500,0.18381105384092697
89,1,0.3579368763858093
89,2,0.3345197835455261
89,5,0.286234778449324
89,10,0.2532191568020885
89,50,0.2258592800050068
89,100,0.2195457451183749
89,500,0.21667855035405192
90,1,0.16846541735212073
90,2,0.2230247411665832
90,5,0.27666617865317217
90,10,0.29327576264215716
90,50,0.3047198094735712
90,100,0.3053846291395465
90,500,0.3053327171697303
91,1,0.35258985408769045
91,2,0.33706927034904505
91,5,0.2965000156462341
91,10,0.27062942564909515
91,50,0.24022771976253485
91,100,0.23568390807166867
91,500,0.23674736025677703
92,1,0.24489641075388027
92,2,0.21527456905800726
92,5,0.16366957835634074
92,10,0.14494132662184392
92,50,0.11911662479436377
92,100,0.11439366372219441
92,500,0.11292104016164795
93,1,0.3294642505900865
93,2,0.3663249342858165
93,5,0.3919225198483656
93,10,0.4044027385380158
93,50,0.4211477630355482
93,100,0.4236781502574923
93,500,0.4261664155818611
94,1,0.3669185971139403
94,2,0.37615418916744153
94,5,0.37990789956011733
94,10,0.3826923816250625
94,50,0.3880498980759602
94,100,0.3867592960982762
94,500,0.3851768024461769
95,1,0.1473594521135827
95,2,0.136324844878764
95,5,0.12817330216007436
95,10,0.12180731886131177
95,50,0.11681889707460125
95,100,0.11663599259709606
95,500,0.11666599983906731
96,1,0.3553822486767756
96,2,0.38797072813103495
96,5,0.4089331279951362
96,10,0.41599577104642016
96,50,0.4254978966990916
96,100,0.4270235721693727
96,500,0.4273340269830484
97,1,0.26745026732708677
97,2,0.31835295445604744
97,5,0.34749291449109504
97,10,0.3564489865710607
97,50,0.36723436047135394
97,100,0.36844428376010296
97,500,0.36795561833917456
98,1,0.2714365925184178
98,2,0.27438436538874184
98,5,0.2738832723875259
98,10,0.2700075660718117
98,50,0.26655700146627564
98,100,0.26646438693584146
98,500,0.26644060465989555
99,1,0.24770531212002
99,2,0.2600357292933266
99,5,0.2582011748086689
99,10,0.25599464228238317
99,50,0.2559383381911165
99,100,0.25559055593305197
99,500,0.2551318865782133
100,1,0.24246843931049278
100,2,0.2718943230992061
100,5,0.30425632331378294
100,10,0.3136906560689507
100,50,0.31991267166154064
100,100,0.32054220906945136
100,500,0.32057274157785565
101,1,0.22120617936842854
101,2,0.23381607181174452
101,5,0.24227173261926896
101,10,0.24412704071597163
101,50,0.24543015968099563
101,100,0.244936018078106
101,500,0.2449676458229025
102,1,0.1722720231921894
102,2,0.12763492641799584
102,5,0.07335464201416207
102,10,0.045917629282597815
102,50,0.023721736195551103
102,100,0.020974738037336384
102,500,0.01700938997568128
103,1,0.22521271055360845
103,2,0.13456871155496744
103,5,0.015202741667262713
103,10,-0.038464992668621696
103,50,-0.0828437924683499
103,100,-0.09044912515199198
103,500,-0.09260387981904011
104,1,0.2173352339782562
104,2,0.21859987438309134
104,5,0.21592720701308918
104,10,0.21461576201630783
104,50,0.21523520760317572
104,100,0.21780294462127167
104,500,0.21897398701809598
105,1,0.22020788257277732
105,2,0.1353087896073242
105,5,0.011479329089478576
105,10,-0.05245155255346541
105,50,-0.12910140324368785
105,100,-0.13900085383735067
105,500,-0.14562981680494955
106,1,0.2314486065910879
106,2,0.2511288869716043
106,5,0.27412802419354837
106,10,0.2796189247907875
106,50,0.2860896149238251
106,100,0.28532151893641367
106,500,0.28734742686503106
107,1,0.30121025856519557
107,2,0.2392956177133252
107,5,0.1457056451612903
107,10,0.09988344673127816
107,50,0.06422633842357485
107,100,0.061931292915385155
107,500,0.05663749016522423
108,1,0.27984610811100774
108,2,0.27067602907517346
108,5,0.23019786898290537
108,10,0.20714238296616835
108,50,0.1889843917638223
108,100,0.18328798905657676
108,500,0.17948668058436448
109,1,0.3462364213039124
109,2,0.40943843430369786
109,5,0.4521366497389313
109,10,0.4677619291359702
109,50,0.47498380614762886
109,100,0.4751311489700307
109,500,0.4751507849939202
110,1,0.4067347873900293
110,2,0.374912861651527
110,5,0.2998290984192833
110,10,0.25271246468421427
110,50,0.20582874749660254
110,100,0.1971993799620914
110,500,0.19166797797010227
111,1,0.3087196798333452
111,2,0.34375576675488156
111,5,0.3603859031900436
111,10,0.36391231850368355
111,50,0.35975148192189393
111,100,0.35837424451040695
111,500,0.35827766254202126
112,1,0.32039636381517766
112,2,0.3481555548601673
112,5,0.373367259584436
112,10,0.388247755882984
112,50,0.39856360864745005
112,100,0.3993855276804234
112,500,0.3992489584078392
113,1,0.2042508583077033
113,2,0.2111578772083542
113,5,0.20205726745225663
113,10,0.19552420472426862
113,50,0.18706217366425862
113,100,0.1826758301444818
113,500,0.18439491542092837
114,1,0.2678947880158786
114,2,0.27567392800944135
114,5,0.26466020849724625
114,10,0.258394394624848
114,50,0.25066372442958296
114,100,0.25306631544596236
114,500,0.2545894316393677
115,1,0.24310444755382302
115,2,0.2988688107967956
115,5,0.3444063259959946
115,10,0.3600953414455332
115,50,0.36817872246262784
115,100,0.369763596577498
115,500,0.3695629336242042
116,1,0.27899386891137967
116,2,0.31091010791431223
116,5,0.33458733057363566
116,10,0.33740755310778914
116,50,0.3361214885380158
116,100,0.3361986021207352
116,500,0.33643055754237894
117,1,0.2508758985408769
117,2,0.21222462627852084
117,5,0.14266495601173018
117,10,0.11022505990272513
117,50,0.07483940258207566
117,100,0.07014740987769115
117,500,0.06334062745869394
118,1,0.25408834981403333
118,2,0.19656600922680778
118,5,0.09994134897360704
118,10,0.05019296277090336
118,50,0.008644477326371504
118,100,0.003592610060081539
118,500,0.0010905984014019025
119,1,0.27329849438523707
119,2,0.3230151522602102
119,5,0.35699539777197625
119,10,0.36678295543952505
119,50,0.3764269030291109
119,100,0.376964038248337
119,500,0.37721250044703525
120,1,0.3415613265324368
120,2,0.3691954259351977
120,5,0.3839114244331593
120,10,0.3895425152886059
120,50,0.384967958747586
120,100,0.3839952658965739
120,500,0.38152989995350833
121,1,0.2886541221121522
121,2,0.29705112071740214
121,5,0.27598137651097915
121,10,0.254219174683499
121,50,0.2249742507689006
121,100,0.22221331628638866
121,500,0.22311997085330088
122,1,0.3399055749767541
122,2,0.37503115835777123
122,5,0.39388328356340746
122,10,0.407693622147915
122,50,0.4168784421715184
122,100,0.41741907544167084
122,500,0.4175677258422144
123,1,0.24575308677848506
123,2,0.18702840015020383
123,5,0.0954166480401974
123,10,0.04760437155782848
123,50,-0.0021845048637436516
123,100,-0.008604221801015664
123,500,-0.017797110811100778
124,1,0.3065922725484586
124,2,0.340520516683356
124,5,0.3644032861562119
124,10,0.3711697348186825
124,50,0.37541216651169446
124,100,0.3779767184035477
124,500,0.3770789710142336
125,1,0.3780311896502395
125,2,0.4029318137114655
125,5,0.4248699015628352
125,10,0.427535069916315
125,50,0.43498038632787345
125,100,0.4351117588155354
125,500,0.4351340882268792
126,1,0.3661339049424218
126,2,0.37216843394606963
126,5,0.346942859952793
126,10,0.31939728470781775
126,50,0.292859382823117
126,100,0.2881723075066161
126,500,0.2861295798762606
127,1,0.24954654978184673
127,2,0.28138715041842494
127,5,0.3027048986124025
127,10,0.3149149850690222
127,50,0.31728295320434874
127,100,0.31860561878620985
127,500,0.3200174790787497
128,1,0.2616996727701881
128,2,0.28569490513911733
128,5,0.2979954156533867
128,10,0.3089655827551677
128,50,0.3085154182461912
128,100,0.3100145733495458
128,500,0.31122793880981325
129,1,0.2968998216329304
129,2,0.29297767952936127
129,5,0.26600548288749015
129,10,0.24653241452685784
129,50,0.2220479579429225
129,100,0.21783231483799442
129,500,0.21183766137972962
130,1,0.28299031945139824
130,2,0.26353404844074096
130,5,0.21642608718975753
130,10,0.19265537828123877
130,50,0.1731616233638509
130,100,0.17171039044059794
130,500,0.17143630194549742
131,1,0.21817872246262784
131,2,0.2524760612617123
131,5,0.2713240960946999
131,10,0.28400555888348467
131,50,0.2876710692189399
131,100,0.28698405425219936
131,500,0.2842517188505829
132,1,0.36453412220155923
132,2,0.3483144088405693
132,5,0.32025121146556035
132,10,0.302103066214863
132,50,0.27937523469351255
132,100,0.2725259392210857
132,500,0.2724251439453544
133,1,0.1921842031149417
133,2,0.21796673834132035
133,5,0.23562356948716112
133,10,0.23389052553465414
133,50,0.2236193539446391
133,100,0.2227932551319648
133,500,0.2223671075924469
134,1,0.3009790631034976
134,2,0.30030066474143474
134,5,0.2882532208890637
134,10,0.285912767774122
134,50,0.2790835218332022
134,100,0.27664017237679706
134,500,0.2752729038516558
135,1,0.3407468394606966
135,2,0.31220583962162934
135,5,0.25856167521994133
135,10,0.2292927566876475
135,50,0.19360224366998066
135,100,0.18492519982476216
135,500,0.18483322231957655
136,1,0.29814323903869533
136,2,0.27082573000858307
136,5,0.2070727348723267
136,10,0.1528149475180602
136,50,0.09323375250339745
136,100,0.08875702962949716
136,500,0.08700050514984621
137,1,0.31922282919676703
137,2,0.3301788699842643
137,5,0.32406406462341747
137,10,0.3154842732994778
137,50,0.31016478837350686
137,100,0.30863418433946066
137,500,0.3071505078320578
138,1,0.2933016236320721
138,2,0.29169312370359773
138,5,0.2699716579643802
138,10,0.2521236298369215
138,50,0.23829612509834774
138,100,0.23696904504327299
138,500,0.23413261748086686
139,1,0.3810655756026035
139,2,0.41686437173664254
139,5,0.44231178697875684
139,10,0.4474721161755238
139,50,0.44747537953293753
139,100,0.44789674379515043
139,500,0.44774031498104566
140,1,0.19181492963664973
140,2,0.2192724389349832
140,5,0.2384841816572491
140,10,0.24075788123167152
140,50,0.24976783223660678
140,100,0.2504639220191689
140,500,0.2505519320864029
141,1,0.18787667191188037
141,2,0.23154718904227162
141,5,0.26536226620055786
141,10,0.28568799844431725
141,50,0.31444532982261636
141,100,0.31663656256705525
141,500,0.3187845334740004
142,1,0.3394688103497604
142,2,0.39072950566840703
142,5,0.43549567269866246
142,10,0.4528903400150203
142,50,0.4639172470674487
142,100,0.46415518158572344
142,500,0.46815236973392454
143,1,0.24991755552177955
143,2,0.2050881441778127
143,5,0.1256541019955654
143,10,0.0769427817216222
143,50,0.04144187871039268
143,100,0.037210589371289605
143,500,0.03419551534225019
144,1,0.3563553662112867
144,2,0.3148408777984407
144,5,0.2342566697661111
144,10,0.1895449963343108
144,50,0.15490423387096772
144,100,0.15248543782633572
144,500,0.14951840891209497
145,1,0.31736530827551673
145,2,0.31575143274801515
145,5,0.2696936020313282
145,10,0.237330506580359
145,50,0.20125216812102134
145,100,0.19530301167656106
145,500,0.1919078012123596
146,1,0.1814585195980259
146,2,0.21873600779629493
146,5,0.2207582835634075
146,10,0.21616472802374648
146,50,0.2142747411665832
146,100,0.21528175514984618
146,500,0.21100980795365135
147,1,0.18372116622559187
147,2,0.18626374633431084
147,5,0.20242566921178742
147,10,0.2050375397861383
147,50,0.20282787801301766
147,100,0.20262196239539373
147,500,0.20266940401258848
148,1,0.242622431782419
148,2,0.20118732565624775
148,5,0.13993350350475645
148,10,0.11231553089907731
148,50,0.07172558963951076
148,100,0.0638842670409842
148,500,0.06398401178384949
149,1,0.26233697741577855
149,2,0.2707318637794149
149,5,0.25195680745297183
149,10,0.2309195850618697
149,50,0.21788510970245328
149,100,0.21595853300908374
149,500,0.21154129935269292
150,1,0.26629259128460053
150,2,0.29896645447392883
150,5,0.31402669247550247
150,10,0.32256192555968816
150,50,0.33256556889707456
150,100,0.3345864253272298
150,500,0.33532678277662537
151,1,0.18373007340319003
151,2,0.18762372818467918
151,5,0.1745503719333381
151,10,0.16575946820685214
151,50,0.16628964085187037
151,100,0.1657391057506616
151,500,0.16557319978899937
152,1,0.3696801462699377
152,2,0.39295805468135325
152,5,0.4132895536799943
152,10,0.4243150637472283
152,50,0.42962216579643797
152,100,0.4299662264859451
152,500,0.43013287005578993
153,1,0.28251183525856516
153,2,0.3016073711644374
153,5,0.31695629336242037
153,10,0.32151565070452753
153,50,0.3282201738073099
153,100,0.3284927759101638
153,500,0.32837728435018954
154,1,0.33440605777483723
154,2,0.333458275963808
154,5,0.283276243205064
154,10,0.25753608692153634
154,50,0.23664828606680494
154,100,0.23198464657392173
154,500,0.22926819209999283
155,1,0.3550885353336671
155,2,0.3877560394463915
155,5,0.4152815875116229
155,10,0.42693219816179095
155,50,0.4353136175881553
155,100,0.43661399846219867
155,500,0.43713271582862456
156,1,0.2939212368571633
156,2,0.31118399524354473
156,5,0.3260083327372863
156,10,0.3299114534904513
156,50,0.32848457281310345
156,100,0.32702844485373006
156,500,0.32721814426721973
157,1,0.20978664124526142
157,2,0.14395391513482583
157,5,0.06984332531650095
157,10,0.03496716525999571
157,50,0.0013030630856161933
157,100,-0.0022953919605178453
157,500,-0.003447278896359344
158,1,0.15953078061297474
158,2,0.18436662926471636
158,5,0.19162411263500462
158,10,0.20183301221300332
158,50,0.21789760433803015
158,100,0.22266852111794577
158,500,0.2216542875151992
159,1,0.2404752208354195
159,2,0.246221937361419
159,5,0.23615975475645515
159,10,0.2303624785423074
159,50,0.2330633761891138
159,100,0.23533910977397896
159,500,0.23609287828123882
160,1,0.3294666310528574
160,2,0.3299379515056148
160,5,0.2960805624597668
160,10,0.27983279763607755
160,50,0.2630762061011372
160,100,0.2631520568092411
160,500,0.2599507590658751
161,1,0.26519922126457335
161,2,0.2397640994921679
161,5,0.19667471702667902
161,10,0.1741107462806666
161,50,0.15668068494742865
161,100,0.15277128334883053
161,500,0.1494460227272727
162,1,0.2523889787926471
162,2,0.2473472145232816
162,5,0.21887851146198412
162,10,0.19649835043988267
162,50,0.17883092455832914
162,100,0.17678679994277946
162,500,0.17553956038552318
163,1,0.2312973075066161
163,2,0.2582413856304985
163,5,0.2780275351369716
163,10,0.2884458707352836
163,50,0.298459952346041
163,100,0.2998355357270581
163,500,0.30011648621343245
164,1,0.18561558990773191
164,2,0.1829227277197625
164,5,0.17977020152349615
164,10,0.17675577569558684
164,50,0.17395220522494811
164,100,0.1736534403833774
164,500,0.17358123301266
165,1,0.2581171098276232
165,2,0.26557162398970025
165,5,0.2523162014519705
165,10,0.23682809482511977
165,50,0.2297488891173736
165,100,0.22793281954080535
165,500,0.22740693843430365
166,1,0.3718710213861669
166,2,0.4183598946784922
166,5,0.4437762633216508
166,10,0.45437127843144265
166,50,0.4656032182068521
166,100,0.4667340609577283
166,500,0.46697767282383223
167,1,0.3391203463629211
167,2,0.399271164884486
167,5,0.4373324288319862
167,10,0.4479507233030541
167,50,0.4554604798476503
167,100,0.45651715944853727
167,500,0.4564957017559545
168,1,0.30547802598168944
168,2,0.3353383945175595
168,5,0.3337169193906015
168,10,0.32465778333094913
168,50,0.31523398943208636
168,100,0.312385078409985
168,500,0.310650782758744
169,1,0.24370309482511981
169,2,0.2885881620592232
169,5,0.31418209310850437
169,10,0.3203977384486088
169,50,0.326350728220442
169,100,0.32673134521851077
169,500,0.3269251685322938
170,1,0.2916835459731063
170,2,0.3344863453079179
170,5,0.3687589071775981
170,10,0.3765350296831414
170,50,0.38688856752020595
170,100,0.3893416511694442
170,500,0.39633956351477
171,1,0.2379087578678206
171,2,0.2494743312352478
171,5,0.2608827381803876
171,10,0.27263517228739
171,50,0.27418707755167726
171,100,0.2746725354945998
171,500,0.2770473767970817
172,1,0.24110698224375934
172,2,0.2734354101101495
172,5,0.2958757420785351
172,10,0.30524771341463414
172,50,0.31063768462556324
172,100,0.31308278869537226
172,500,0.31578152939703885
173,1,0.3215602871754523
173,2,0.31544420776410836
173,5,0.27699196677633925
173,10,0.25827587440097277
173,50,0.22487144383448965
173,100,0.22152700540018597
173,500,0.21882304556183388
174,1,0.25700675246763466
174,2,0.2510817135755668
174,5,0.24437162488377082
174,10,0.2434327949538659
174,50,0.24695382349259706
174,100,0.24608835204920962
174,500,0.24296938702524853
175,1,0.32250410154853015
175,2,0.30086100109076597
175,5,0.2351199060331879
175,10,0.19137388464702093
175,50,0.14923987241613615
175,100,0.14619089076246333
175,500,0.14383269034761462
176,1,0.38989050988841994
176,2,0.41734817564909515
176,5,0.425185284940276
176,10,0.4276108200414848
176,50,0.4300749342858164
176,100,0.4313747228381374
176,500,0.43154840721336096
177,1,0.2585588477219083
177,2,0.23582727228023748
177,5,0.19461102344252912
177,10,0.17093805879407767
177,50,0.14612033742221583
177,100,0.14343154325513194
177,500,0.14068267872469778
178,1,0.27342126144410267
178,2,0.2487982686324297
178,5,0.20374015404835133
178,10,0.17436800389814747
178,50,0.13569450280738143
178,100,0.12926553224018308
178,500,0.12444839201416207
179,1,0.2634368182712252
179,2,0.20326497791645803
179,5,0.11682830716686932
179,10,0.06812910154853014
179,50,0.022543351244546168
179,100,0.01942780604034046
179,500,0.01695769034761462
180,1,0.1908599282061369
180,2,0.19921972230169516
180,5,0.20204706387239824
180,10,0.2019300970960589
180,50,0.20591857923252985
180,100,0.20595009521851085
180,500,0.20601639054788637
181,1,0.20442726959802585
181,2,0.22584470665546097
181,5,0.24086741604677778
181,10,0.2486803295543952
181,50,0.2484147347292754
181,100,0.25271674504684927
181,500,0.25276189560832557
182,1,0.27332236606823546
182,2,0.3158440137508047
182,5,0.34219203740791077
182,10,0.3498269302982619
182,50,0.3427155380516415
182,100,0.34234105661254555
182,500,0.3383527756419426
183,1,0.29276414196051787
183,2,0.24959928876689788
183,5,0.17623813121379012
183,10,0.12409383717187612
183,50,0.10112581360417709
183,100,0.09974778270509976
183,500,0.09723167825978113
184,1,0.31840259772190826
184,2,0.334318751788141
184,5,0.315336405210643
184,10,0.298866173288749
184,50,0.2885940293970388
184,100,0.28722014475001784
184,500,0.2900335052928975
185,1,0.22684421044632
185,2,0.2581327225341535
185,5,0.27847602326371507
185,10,0.27915486866103995
185,50,0.283958441366855
185,100,0.2831360529468564
185,500,0.2813343332022029
186,1,0.31736388893855944
186,2,0.2583229807417209
186,5,0.17113606188756167
186,10,0.12145699967813461
186,50,0.07779416037837064
186,100,0.07018792244832271
186,500,0.06403403502968313
187,1,0.24983084185680565
187,2,0.17392006338960017
187,5,0.07394959006866461
187,10,0.02607537685072598
187,50,-0.022714096362921102
187,100,-0.028792256008153924
187,500,-0.03360537291681567
188,1,0.2367714331056434
188,2,0.20258804359487873
188,5,0.15206228542307415
188,10,0.12748353792647163
188,50,0.11116890780344753
188,100,0.10837327220871182
188,500,0.10305831351477004
189,1,0.20162614664544737
189,2,0.2183153252628567
189,5,0.23464234943852366
189,10,0.24206065374436733
189,50,0.25166735212073527
189,100,0.2537579237000214
189,500,0.2547102317430799
190,1,0.4373564122738001
190,2,0.4267008685895143
190,5,0.401085412792361
190,10,0.38217776580716684
190,50,0.36887770679851223
190,100,0.36803682229454254
190,500,0.3673173972712967
191,1,0.179288789249696
191,2,0.20740815660539302
191,5,0.22604692305629068
191,10,0.2282344342321722
191,50,0.236056377852085
191,100,0.23738860998855588
191,500,0.2374062120020027
192,1,0.2336726628996495
192,2,0.2651842567591731
192,5,0.27684830081896855
192,10,0.2777283344360203
192,50,0.2822941961411916
192,100,0.2822627583863815
192,500,0.2797991582326014
193,1,0.29121518712896066
193,2,0.29705429466776334
193,5,0.291591836689078
193,10,0.29001172349974963
193,50,0.29092757581718043
193,100,0.2917273219011515
193,500,0.2919200164508976
194,1,0.3757132447607467
194,2,0.38639944388813385
194,5,0.3849416618982905
194,10,0.3822852889635934
194,50,0.37065832647879265
194,100,0.3690953235641227
194,500,0.36708054681353264
195,1,0.17628245476003143
195,2,0.20102976807810596
195,5,0.2183127324583363
195,10,0.22237005802517704
195,50,0.22105390798226163
195,100,0.21944013303769394
195,500,0.2189612576890065
196,1,0.2873736231313926
196,2,0.2909827846720549
196,5,0.2837380306308561
196,10,0.2831762302410414
196,50,0.2850766665474572
196,100,0.28725175014305127
196,500,0.2895850059902725
197,1,0.19679486892926112
197,2,0.22179994277948642
197,5,0.23468033625992418
197,10,0.2393404106465918
197,50,0.24772274649524353
197,100,0.2492932148987912
197,500,0.24960904531149417
198,1,0.16334106331807452
198,2,0.13160400722408983
198,5,0.09200157803447534
198,10,0.07560435814677062
198,50,0.06553854338030184
198,100,0.06650700057220513
198,500,0.05933035235319361
199,1,0.2629725162720835
199,2,0.25421129568700374
199,5,0.22192283277304914
199,10,0.19764802455117655
199,50,0.18725928268721834
199,100,0.18712155112295256
199,500,0.18714223767970817
