sample,relative_l2_prediction_error,identity_relative_error,energy_relative_error,raw_energy_spearman,a_min,a_max,unique_coefficients,coefficient_sha256
0,0.04010868603826096,2.544773361922245e-14,8.634481542301589e-16,0.549882899113082,1.0,100.0,1024,0d3f9d037c461680d57fd84de1588709393df89d3b82c626ce67085df2f0173e
1,0.042515018952771544,5.967831694360558e-14,1.0310817932316737e-15,0.48540513688219716,1.0,100.0,1024,3dfbb9b4e70ac98278f91d085e262390463940dd8114553587afb85810823b30
2,0.09070118286547792,1.2364812244509845e-14,1.4884315844679306e-15,0.4462075763536227,1.0,100.0,1024,ccda49d0e8389230175e6e89ecda79901dba92088f23d31ca05c4bea40d6f360
3,0.05526692358477423,3.764893310629686e-14,7.391861028508932e-16,0.5327126211465559,1.0,100.0,1024,ee00c370983b1f304deec11917fd6fafcb8631b7b623263d7ef841efa3de1ecc
4,0.03983367623350898,3.5476136451897814e-14,6.256997659446983e-16,0.5849739043165725,1.0,100.0,1024,66de48f179651cfd5404c0cb47f95eb92796a13276be315b6bde9774d3922297
5,0.031240517450899646,2.6200472006473113e-14,1.0038347737093888e-15,0.5855398062549173,1.0,100.0,1024,cd24993d76215971cf17c4630417cc85c51c2df9437092b2d7e795d9477ffd19
6,0.04072172250318611,3.077785814231223e-14,1.007666171282116e-15,0.4896604767184035,1.0,100.0,1024,6e3aca2d4864d4ac9f13656fca32e8c323e8a0cd4ef1278ff8160f8e340491da
7,0.03230329816010057,3.235397185237518e-14,4.0150077751184324e-16,0.655690635952364,1.0,100.0,1024,ea4d561484e95fc9f01d5b8af73d40716d11d46f7dbe68a8b9802093701acc52
8,0.03484434545605581,4.2650302775752734e-14,1.1012380375658958e-15,0.5212442779486446,1.0,100.0,1024,b372e4ff38eea58fb33f9966c327ebd2864fa5f2fe241c05204095147c7be143
9,0.040988286936519104,1.047865684082373e-13,1.077548295585508e-15,0.5405091843394606,1.0,100.0,1024,b177da052159e2b939f06c6fb1b159ae49454b4d748ff0ecd0d96de41ee81a31
10,0.047817472314906816,2.465516152749674e-14,1.3251829775546444e-15,0.47920680298261925,1.0,100.0,1024,4a39ee0a79586e9e794b88ffc4729f6011bf54e64a3b9e1d45e2deb2e611ca22
11,0.06031892167156028,5.739904773693966e-14,1.6386063884403327e-15,0.6035520416100422,1.0,100.0,1024,dcb1c81a578b0c3d60c7c419dd20fa9d2f9268566811060645826be6ae2a8e22
12,0.03797572443231888,1.483283408612323e-14,4.4138068795901155e-16,0.5785918389242543,1.0,100.0,1024,313a993546e14eaf88a039e637c1970843c7b61501bd7c3f8d970079d055dd08
13,0.025622158532497972,2.9296880378327087e-14,3.980127800315682e-16,0.5434469547957943,1.0,100.0,1024,189dc6558f7d2dc18e9ea0d230421524f59419d59b9c1b85adc427c2b59cc79e
14,0.04629426422699137,1.6541225807702645e-14,1.4391495419803182e-15,0.39808542620341886,1.0,100.0,1024,f097a86e261194bcbc6aade2c6d3e3c0e77c95e5724f3bbccff78e08d4692d15
15,0.03885762588696533,2.7853599381127066e-14,4.0068237779751337e-16,0.4039067193870252,1.0,100.0,1024,a233a10f134991c0d042f25e348ae270174b75b98ec6930581c58791f618144c
16,0.034348072286058344,2.276769267304635e-14,1.0945532140884123e-15,0.5435487335491024,1.0,100.0,1024,89376d3b0cbdd3033b5dec8265ef47526bd49afac2c1fb709f4758318bc702ef
17,0.05815776596017297,1.1633530983499703e-14,1.0983299823885924e-15,0.033871906515985976,1.0,100.0,1024,5a098032f4144e1e6490bf66678c7683ddec9dfa000cef89968d0a70bad8f6a8
18,0.031366254548724576,2.172451534689287e-13,6.353115112685525e-16,0.6044120927508762,1.0,100.0,1024,18d160540057a5866d234b3991ba2ddd801b2e127cfeb02155c5909e382c5a9e
19,0.03287840072930077,1.7385899641375712e-14,3.404705344480008e-16,0.5696149350010729,1.0,100.0,1024,2335609bca1ca3bf783c4372b4ca1417033b59538c18236c7a13bb295d28dc0f
20,0.032179687266651526,3.5458983168015364e-14,2.0673814632081288e-16,0.4239556920999928,1.0,100.0,1024,aef984e60c761c33d60cf33ae27bf275ba908c22a9aac1ec16eaf0ad04fcd5c1
21,0.04649349056377393,5.271899576982579e-14,7.497529637380014e-16,0.48522951907946493,1.0,100.0,1024,2248ac8b63dd3bb90e7ee59ff472c1d93c61bf17add69d06d0c45b94ad543c91
22,0.03851104382168663,2.4727108516911924e-14,9.74983599936103e-16,0.5961273782275945,1.0,100.0,1024,953390e692c38320566fc079492fda89452142c314ad2e6cb39c6ac03da82c40
23,0.027251862849154776,4.099553923123529e-14,6.64940054045755e-16,0.39554745055789997,1.0,100.0,1024,3b8c73ea92d425c9c9c995f64aa84ba187aa39e0b92c77b884e98228c3db980f
24,0.027774114994432515,2.457685534799651e-14,9.570138763114482e-16,0.5696552128781918,1.0,100.0,1024,393f3116a04605ed297270b3e55d0d55554be4327549666323826c3d1eda57ad
25,0.0242601233824717,8.316767518637013e-14,4.873917223553853e-16,0.5540319898433588,1.0,100.0,1024,47725f863dafc4141e8dac7ab6fce744fba8cb5059969478b7e4c8cb67987152
26,0.03439312334511306,2.77402202104458e-14,3.101671016090605e-16,0.46886495511765963,1.0,100.0,1024,0b62959472441ec9c1b9654dc85937087edace1971a9bd88691f0ca90add870d
27,0.07348361771509979,1.7701384078400935e-14,2.3292135771273184e-15,0.45296467080323294,1.0,100.0,1024,9457eeda13bf33161597de1f4217364b5ada357685873e12cbec6697608b4877
28,0.041977180827343974,4.1443641309738875e-14,9.012821623764357e-16,0.6679333336313568,1.0,100.0,1024,3dcfeb155bfc9bbd80d55ebe47e175f54eced8bd1d1bbf312607cc411468f2fc
29,0.029732831769570006,3.524395082604629e-13,7.423868352365439e-16,0.52582124848008,1.0,100.0,1024,31a19876138f7457145588a10728bb4549499ac41bd268ec825651b37658e54d
30,0.05613347390286192,2.1775171169008017e-14,1.3522760352897647e-15,0.3969137132537014,1.0,100.0,1024,22d5c6a0fead0823b9c9284b0d5cf37fafe4ec58d2e4039070e3dd536356e035
31,0.05118411783160781,2.0731627187774957e-14,3.3949168131814714e-16,0.3821097829196767,1.0,100.0,1024,4146876aecb5755f6f55015e2873281debbc9bde191c32248dace9f760e7d758
32,0.037741715022333595,3.952360818989316e-14,5.454419479236031e-16,0.6253335218332021,1.0,100.0,1024,1edc98742599d86462bec65c18fc73040e10eea3c8e20034e5f8cbb244227144
33,0.03358818339126048,4.6624438534598133e-14,5.981065280015183e-16,0.5876836420856877,1.0,100.0,1024,20d9c16732c9fd35f8a33838824840c075b1de5af80790cc507cbf6854211ddf
34,0.048870084159761684,2.27998679043771e-14,4.397073992060527e-16,0.4987151424254345,1.0,100.0,1024,e89b0dec70dc8686e01b7b890d04950ea1cd3dafd6f12ba440669fc7a50ed675
35,0.03172634191408339,2.980077441815761e-14,5.081261154392421e-16,0.557647063425363,1.0,100.0,1024,de7ba549b71ec2adaa7c07ab78c466c9b8685da484fdf76e4bfd1c7ac37cabc6
36,0.06182196691687485,1.158699615156724e-14,2.3248340732367843e-15,0.5240856452506973,1.0,100.0,1024,ab63fb100a2c1ea887a66af52d91b6220488df212c61bc015b9caf188d089c7e
37,0.08925817011243005,3.117372295523307e-14,2.6488613009122206e-15,0.13328564212145053,1.0,100.0,1024,7bc7d482bda42bbc4fd263d390f931cbbb4b4d2b2f4411e316c96e94dd9509fb
38,0.03701802319785732,2.8454721886580536e-14,9.465924396742231e-16,0.5341607807023817,1.0,100.0,1024,8cbbc5b69e927f21e211df90f2d4880c63ac2ed07360f02e815ab0a1403a73c9
39,0.0494475694297069,3.0794668002085154e-14,7.927986439098782e-16,0.5295829496280666,1.0,100.0,1024,1d8fd6f6371aab526a2efa1d19c51e865f987c29a68ffce1f3756db63ec81207
40,0.04173470541236958,4.180817153834481e-14,1.046445488632206e-15,0.6026333282669337,1.0,100.0,1024,ccb5e8e16b9bf7cee6321d84c917ce908616bdebc38b5261618eb232f2716516
41,0.03437310931391264,3.4558024174694335e-14,2.0592105498451282e-16,0.4868252896788498,1.0,100.0,1024,3b167657376557bb65216b6035bbe4fba42dc169bc6dab4abeb02762a2a2bec1
42,0.042202713775304566,2.18241866411664e-14,4.518141611195011e-16,0.5286352125205637,1.0,100.0,1024,9104d9a00893ee45aa14ac85d56006abbd3ac1d860a65d2164b5637cd27ec4c6
43,0.06107075929081688,1.2162108629687587e-14,8.257188526755207e-16,0.46916624570846144,1.0,100.0,1024,08d313b2dbfd8f12b2d7a684b6a7d8eb5550c1bafdb2357ce1e058e18daedb2a
44,0.05593526936357481,1.156982365600049e-14,6.814399629535308e-16,0.6142167048136756,1.0,100.0,1024,8518f29052db10b8eca4905b1d6bc6f6fa3899b740a94b71dc6d256d9a739963
45,0.03264837738345964,7.08162852140416e-14,5.887470085320203e-16,0.5973208617945782,1.0,100.0,1024,d7fbad8b4aeeb6e8f724430ed1676f07c2ddb6881e24a10da96a6f7458d8d3b5
46,0.061048666070774894,2.8386365852247533e-14,7.214021818410395e-16,0.4923050702739431,1.0,100.0,1024,c05c3ae9e66056acfcd014d9415472fef5c5b0a7e7b52dd733e84433ca0425e7
47,0.019952126975518892,2.429888759547368e-13,3.5222060576775944e-16,0.6217572509119519,1.0,100.0,1024,5372d673eb7e86fc79be0eb00b8855ce3212d43039383afbed65342b6c1993bc
48,0.02770104317222316,4.5555499893635656e-14,8.070729035326052e-16,0.5377606550854731,1.0,100.0,1024,cb0d1696be7b39886f910e8d26ed0a5552425575555a6663b24bc16dced1e986
49,0.04072112944002661,5.14784476409044e-14,9.797629693119406e-16,0.4571102523067019,1.0,100.0,1024,80da3c8579c5da406bd41d9ff4d8fb4ed429475ebe75a7c96ac0050e680b4c68
50,0.048338915169765635,5.5477786255579626e-14,6.068844058971499e-16,0.5878670159502181,1.0,100.0,1024,51b02b98d2a446ec8ddef54624da934816922f42697330b0a50eb613d7001e1f
51,0.020384321451782445,6.075168230258543e-14,3.6705905461652605e-16,0.6523297689721764,1.0,100.0,1024,8e814d37d05453cde99b7734744c0b2d8d971b2462a02f0e31dc5eceabdcae91
52,0.03851050613014319,1.5601860415242068e-14,2.716856505246682e-16,0.5496136944782204,1.0,100.0,1024,6d4b9a2216a2f4d59c00de2218ef09dc7ab51d9a8bc2cf1c28b22f29935df740
53,0.0562395948780466,2.904976993519721e-14,1.7767738627206018e-15,0.5165047430441313,1.0,100.0,1024,bde26160bc8f1ef73e436359dda085dcfd40f4f52c42ec62770f5c377dfb9a87
54,0.0286335294891047,2.9996539238498466e-14,3.0031899870251664e-16,0.5640566997174736,1.0,100.0,1024,239af0f0d098706e302fb686dd858822a769581823bf02846ab05ce3633e0ca9
55,0.07518006263620516,2.058703257094557e-14,1.0654716951662604e-15,0.3569834395787139,1.0,100.0,1024,40d3d0533c5133a47d89aa6d998d800cc5f73830cd5aef0b455c1111938b810c
56,0.03584907385326936,3.986067658629404e-14,9.85020344205378e-16,0.5463704648272655,1.0,100.0,1024,2ea39a3152e108fe14aaf45e2985eead100bcaace1d2b13a66571f80536f07f6
57,0.025757322061228907,2.9239052881667726e-13,5.708435022050869e-16,0.5923678452006294,1.0,100.0,1024,805a02e5cedcc71e9df93b96f064299d02935c9282a99d6a83a29d9e62e26e5d
58,0.11530334411160448,1.1649959095124228e-14,7.202473074508411e-15,0.3583392640011444,1.0,100.0,1024,ec4d5c8c0d77561ec743012e1a72a6bc80a817d42fd1a82bd803def41fdde697
59,0.0826079116328716,1.49953037016043e-14,2.192938704291554e-15,0.5869768905121237,1.0,100.0,1024,4eceee59c02ba7aa73d664043c543f6578633ae2b3410cbd1ddc2496d0264e8b
60,0.029458718500172412,1.7837179804334367e-13,1.0484242370291479e-15,0.5895322111258134,1.0,100.0,1024,10d1b3dfb2bde54d61f1f16fedfc831610faa5a9fd79c5e27dc30744be801d34
61,0.04473981049456374,1.575502848035756e-14,7.342548181721786e-16,0.5904732985837923,1.0,100.0,1024,893e409a5393ea6235738bb24f1e0e4b130182f24598b0aa68b84f4e1633edc1
62,0.04477981889333012,1.4123386942654176e-14,3.800898088942376e-16,0.5342115527322794,1.0,100.0,1024,fbe851f3a13384b9b68d69838bb55305c2510a7219ff01f4505423e5983c1fc7
63,0.048774801213242784,1.8323099376437657e-14,8.030833315238431e-16,0.3366420387490165,1.0,100.0,1024,18a1c50ac51f55469439e4352d8fb291909cb82d6392e4762e989820f5d73200
64,0.027114556334495877,9.429964633574908e-14,8.337048183257744e-16,0.44886540215292176,1.0,100.0,1024,e5ea281936a7ae7e22daf6ab371bbc42772e654b44805ef0fe1d5ff6bb8f019c
65,0.05046932722446828,4.854141399842355e-14,1.4672332457713665e-15,0.5848030586152635,1.0,100.0,1024,e606f6f88bf021994c47f63bb47ea8c8af7df1e17f9d67c4a982f31744096d37
66,0.03841702372718872,2.550486450119496e-14,8.306551176667513e-16,0.6383049093412487,1.0,100.0,1024,3e3e3935cc6cc3a2421c65b10c09f59c58cbce8fca672e69bf3c9ad85cb30e0a
67,0.027129834843919894,6.163682680602931e-14,3.582997861946505e-16,0.6794613225091194,1.0,100.0,1024,732e3ca2e222e96e72e173d8e4e3c3eb91e6196c004d4e948d725f7c38ead704
68,0.029691224492001043,2.4149735484045285e-14,1.048444363353667e-15,0.45932843010156643,1.0,100.0,1024,a8496268254eca064af0cd6c4556820d407aaeac00626e560107287953e9c216
69,0.050783296930974386,6.152069633381476e-14,9.124141018449524e-16,0.6140110127136829,1.0,100.0,1024,09cb56a8dc55e2ec3a29fc75aaa8c8a29330e3b906728dafe7c0d3a28234460d
70,0.03953580849126766,5.317951566410712e-14,1.0695538880529084e-15,0.6053108571454116,1.0,100.0,1024,8cd4f082de732013be537f4880dfc65d95ceb9c080a3b16a768cd3ce13879f0c
71,0.0238896278292456,9.621191986003023e-14,4.412762050020807e-16,0.5742442645375867,1.0,100.0,1024,721d17a77c045366b4887e2b24aadad861ef05e5459a710c1da80c43bb8b003a
72,0.02729201468567494,5.101286641918794e-14,3.544206508183102e-16,0.5159826617373577,1.0,100.0,1024,4667b7b8bed5bbbf69cd5a60908d6b2ed55dac6818a81c303d84c3c87a97631e
73,0.02097523185595399,5.634472731359638e-14,3.8436513273450016e-16,0.573215938148201,1.0,100.0,1024,a8b9148c3c043d055e603fde4825444c9bb360e8e90b1f1cffb14dcffa519d70
74,0.033429616400018285,2.062409660167904e-13,6.387286917368622e-16,0.49678160315785697,1.0,100.0,1024,01db42f297a975a2569a2090309e12e169a72e93d804c1d40f9496a25285f67f
75,0.03908229095621546,5.080545320093695e-14,1.7989805676749318e-16,0.553159567001645,1.0,100.0,1024,41156d3d5eb95e22ee94e18dff5ec223ade7fce1317e114fcc1e7532fcf4fa85
76,0.028656773103796516,3.744836404867636e-14,3.9528867659426994e-16,0.5488662738716829,1.0,100.0,1024,cfc9911d4ee0b8922a1c124a974db7b1ad90a04b1310974470fa8f2c25d4e7b0
77,0.06598364424448715,1.0815496082359202e-14,6.423856344792941e-16,0.5431734027430083,1.0,100.0,1024,19a579d0e9b8874db231ca80c45c8f9a85e979c8f51d244eff7895f6acf7547b
78,0.026446479953650914,5.271660698926772e-14,2.1188920637805677e-16,0.48143974411701596,1.0,100.0,1024,cec8c582f6472433cd593d7880ae378e566231c449abd8ea1c92b4b21b7bd8c8
79,0.06411885356007814,5.971453218773628e-14,2.2175721392983984e-15,0.6154298914598383,1.0,100.0,1024,8060f338f0db1b6480b1a7ac147f49821f524ea356e5c313a7c2c8b4396e64aa
80,0.07434204987650204,3.24815006669436e-14,2.731163243452882e-15,0.4477069773263715,1.0,100.0,1024,dc8c229523ba37e421cf8ffbf38e17702a5a9ac7947f5a6fa4106a9a5d7f0cde
81,0.038812871031809415,1.0877762994867987e-13,6.040927045374313e-16,0.6449195783563407,1.0,100.0,1024,b60bf035f2d10df0e73cd92dcb93f1f914fa6b9639781e8bfdce5e374ebb8b93
82,0.016683525628607383,4.0426392114205076e-14,2.774277122343252e-16,0.5384801695157714,1.0,100.0,1024,858c7148b34851e59ce1ee5b1704a50eb3ed6d537a11f709adf05557d2631204
83,0.01883626105733763,8.997930140061889e-14,1.7230990858958188e-16,0.4795722990129461,1.0,100.0,1024,f83656c9837ce0f6f5a5aad209da8db651e1b8f1066d3a8384261f15ab3b8459
84,0.020773640564090645,4.6059081402631826e-14,4.817980605959246e-16,0.5376408831628638,1.0,100.0,1024,d65a06221dd4a46d411efb8164387688d5fbd41f7fc835d57e962390dd6275f9
85,0.02809686438309334,8.309457460219128e-14,2.991474750336408e-16,0.5500974425112652,1.0,100.0,1024,d1ce4f5ccd0f910d38900c6ba6343ad52cb5e237f114e2d61d19ce6169e3d728
86,0.03476026496211588,2.853547654982616e-14,4.49545409335075e-16,0.5380945457227666,1.0,100.0,1024,1bf7c6dde73d1d28270e0d9d8ab86f7a7093ef43008ca509f90a13d769b07b7e
87,0.03156834914871372,1.8523567134556425e-14,5.229390302713294e-16,0.4936627275409483,1.0,100.0,1024,43b1780cce6fbe8c54d6072be9831c7f6cf1ea2155dea8ffe2f352c361c360a7
88,0.03672269463588426,1.469925003664854e-14,4.05762470914103e-16,0.5267166824619125,1.0,100.0,1024,bdd4715c0cc19bba40e6266a46a360a2d83523b95f448afb2b24719bdfdd72a7
89,0.04310244201376914,4.0746693740977066e-14,4.480612589452438e-16,0.5720750147521636,1.0,100.0,1024,9ec92ffaa3a413b6828d69eb97971165f1363595cdc692127a1b665989446c3c
90,0.04115372430283887,2.6286217218405684e-14,7.31985606967978e-16,0.5731295709355554,1.0,100.0,1024,1b207783431912b55043386537d19b4918e0a4a9e0833218f40976b9a17cb8ff
91,0.01938237669801725,4.938310169645303e-14,3.403055979267463e-16,0.6072152497138973,1.0,100.0,1024,0ea0b1070024949d9e7d0cec1e7f6a7379f529fdb3afbe959f1f9c9ee1a6c484
92,0.05448295219471194,1.734453734012442e-14,6.44592382625056e-16,0.44214382465488866,1.0,100.0,1024,cc8a368a86e4b923446fcde61ec05ad86335c5c48ae1080fef083df0640a63c3
93,0.02014552183594586,1.9111331373583878e-13,4.094115724173058e-16,0.5928658760102996,1.0,100.0,1024,16b1c04defdc3f69cc56db6a7556c164351d2f9a67f49792362c2bbe98de40de
94,0.02585016701586332,2.693502875567284e-14,3.611002266011886e-16,0.5282933981832486,1.0,100.0,1024,6d3ad7bd95a4d0e2c93be0226c5ab010731cd0bce97569d921d39ff6468c9c07
95,0.032895227102630355,2.3436225600850683e-14,2.526330119447211e-16,0.5069988287676133,1.0,100.0,1024,80d4a40d22eec0e6795a497e8ea55825ff63f580b57cc8558eb788bf72f17da8
96,0.04317922801499649,3.3575500796458396e-14,7.605273999591756e-16,0.49231239047636066,1.0,100.0,1024,2c21281648fab9d94acb7bd5659d178ee5e4caa28b6e3af25c9dff92ffb7a722
97,0.03722136077771187,2.4794508100329927e-14,2.8722244338208623e-16,0.5986396493455404,1.0,100.0,1024,35bb849ab859a9e53280328cb9ffcadd35c86454f892f4ac7c4fb7e8dc3e8aa4
98,0.05009020333861044,9.683362614245911e-15,2.0010975986351533e-16,0.4279208278198983,1.0,100.0,1024,80acab8b8d0a04966b4a07b72dd5d85a1a076a89218d47445928e4fa972e939b
99,0.05738207777688661,6.413625728145516e-14,1.5696277655971468e-15,0.5865998050926257,1.0,100.0,1024,b85e803359cb861e35afcd8ba699a65e40b968b6bcfa384077ceb28abf10438d
100,0.05065456263415434,2.2543222414118665e-14,1.1589330710062843e-15,0.523731749785423,1.0,100.0,1024,b6351cea6c5be01505d48a79bacdbef59e1167db861bbe996ac56ad907b35f21
101,0.01791307884745701,6.72348028902114e-14,1.7517098841796358e-16,0.5030818163936771,1.0,100.0,1024,9bdfcea8b94e2bad8de79f6cb40a1204152656ec691ac2d2e6cfbad30abf830c
102,0.015521352600649789,4.1624863776233746e-14,1.3510105923708562e-16,0.4934457701523495,1.0,100.0,1024,3e3e5bbd185ae33a15dffae7ebc47bd542e80f511ad76a9a0abe18c80c8b5c1d
103,0.08021468838903761,1.3039483931064131e-14,1.8135546979846178e-15,0.41869155013947496,1.0,100.0,1024,a6fbfaec8cc335c2f228d5e11a27680bcbe646043e5309ab9318da799713122c
104,0.03141387411695848,1.8993995451938523e-14,4.3397562853102533e-16,0.5695308141406193,1.0,100.0,1024,1d1ebdfce2bd67c8f245b4c474aea82131e31786de702c35545ef7741d954a15
105,0.05819024073380427,1.9756299076233224e-14,1.71242432858457e-15,0.45822225252127885,1.0,100.0,1024,a02679c07a30dbba465377e490b605dce589143a3962bc1509398f384e697725
106,0.027123847142641693,4.818465414940833e-14,2.6640350302200845e-16,0.5930942439739646,1.0,100.0,1024,0b234b1ae62a3fdf21a717e8bd03cf49d5fead3f222cc92c3917966fd109c5bb
107,0.02830271554098307,2.9975644828657724e-14,2.813564412380665e-16,0.5282203749731778,1.0,100.0,1024,72d143ddf8e3cd88b2f767b3981a055318a440a1ae8fe0fd240184b9149a85c3
108,0.03561674762717219,4.0173739297627554e-14,6.521442109594411e-16,0.3568137785208497,1.0,100.0,1024,9f2023f23ee97f12b6035e207128432630caa35f6458d8a60d318003b4bcb0a0
109,0.05154967966110307,4.605487691598488e-14,2.757374063407799e-15,0.4778118406229883,1.0,100.0,1024,3b90eb4ec25f795e9f2585e723700e692e2455aedcd6e85f34894e678f10030c
110,0.03318005538641712,2.7621824792919263e-14,5.195167342044318e-16,0.6151844579250411,1.0,100.0,1024,48f5bc0af7b9a6841085d1350212c7602a51c78de84e07c3980de1f2b1a44a35
111,0.027684769878900416,2.5573176394202082e-14,4.004578459939706e-16,0.5557898666046777,1.0,100.0,1024,2b2a5443a9bf8d4d36bd37b6e327d1f38ff3af149d27b70260d96eef1a3da5ac
112,0.04006578445750342,1.8052342056206753e-14,4.825606295808646e-16,0.5482243982905372,1.0,100.0,1024,e4ab5ddc103fa704bdc18ad8d9d3cb353fdea3cc2a0fe486a6863287fa40eb38
113,0.04617257131687484,1.7839031594278417e-14,1.65576382931254e-15,0.6075867471926184,1.0,100.0,1024,1690b6c20e9320f4a3c2a31ed0aae074159435fcd01f98e0918fe66439b0b412
114,0.04377958178372735,3.0549248903759294e-14,4.624203785815242e-16,0.2939923266397253,1.0,100.0,1024,076ce322acca338324e2d86f9a9b69af0d91c658b92f585993762bc5db499e8a
115,0.03256305052208505,2.2222492538650358e-14,1.173507739663104e-15,0.6636279481975538,1.0,100.0,1024,d84180ec20dacea506f9b84bac88f3fbc33277468af01cdd9975f70269c61b5f
116,0.06600704985911657,7.39294347381377e-15,1.4898968583948966e-15,0.26756537890708815,1.0,100.0,1024,b6feceda7babb30f9b93bdcb0d0a0a97a0782217390a9ba64cc4af03a8080f67
117,0.059143945115376934,2.286974113573843e-14,1.2630008541843895e-15,0.4284997161326085,1.0,100.0,1024,de8ce781edc68b58e1ef81b14722107ef8b1d1b5f7d2e0d3bf888e774abb2b13
118,0.07015896457323444,4.627976895675191e-14,1.2556419529720838e-15,0.5186592518417852,1.0,100.0,1024,13a1436280ea46f0a11eed2e1e28f64312f71cca6dd13aa431191b82534327e9
119,0.027198158084877876,2.992805128335946e-14,5.414867856870015e-16,0.4238220285566125,1.0,100.0,1024,ebb4fec79344d8d3f3e322827bae6df77eba013800c188ce063a9c63c3df70bb
120,0.047490147058620716,3.946597950953064e-14,1.007505115141434e-15,0.6853833662649308,1.0,100.0,1024,702c04373217b36decd4e22fc55630674d59479569cd68f4113a73d7edfc3166
121,0.028997763430663157,2.813973583308287e-14,5.998847684785853e-16,0.41696024962449035,1.0,100.0,1024,56477842416a7c952292515912d1f8d0466631a1d7941d7cace2ce7a252f711b
122,0.0407437498782881,1.4042262188336817e-14,6.448546483026421e-16,0.43759790072240884,1.0,100.0,1024,13498d866929c364a2d9c7f5e19cfa018b695816209e7a8ca6b75b9f4de633ba
123,0.02179103453440558,7.081770214385647e-14,1.6162929672105607e-16,0.5082307350153781,1.0,100.0,1024,f987208c2b39825172f083b44fc4bb2388eea3a198beeb4bc09201f377c33186
124,0.036813024226074305,2.0267412772218026e-14,7.684522823625874e-16,0.6351839103068451,1.0,100.0,1024,baeb2932663a88886150a3b652f05ac6a8dd2ffab53039688fef943068b63fb3
125,0.04732074168262148,2.505495785022663e-14,3.6794339346023763e-16,0.5496003057721192,1.0,100.0,1024,05ad31a5dc98f6946b58c09283cc7f346ffc108e7d47e2ee7e820e6065c54e0b
126,0.027866212344685365,2.995791077065533e-14,4.0746868976291745e-16,0.49501399220370507,1.0,100.0,1024,06a78f6d07e9cfe3d9c2383e7313cf4152cba36205e4990419b038fe8599007c
127,0.03171809769216793,4.717948979608868e-14,2.980837111001066e-16,0.6606530291109362,1.0,100.0,1024,4a7d47dfb6cdca0dd5700b0a5629e8c27df17c79c6774d6ba543a972dcc1e698
128,0.048537851166150316,3.4540324179745575e-14,7.747248171684135e-16,0.5266074270438452,1.0,100.0,1024,b7a92814e0665546d19f72bd5b0f7a6995298e2b61c488ce65e8a4625c7bf9f7
129,0.027386941618007976,1.913885288556998e-14,6.4033282665003e-16,0.5236019083935339,1.0,100.0,1024,134ddc85abe03d9208e1c16c3a400a8bd601f0a4ddd46c94bc9d46525e755757
130,0.024839098349061638,6.579368089629947e-14,3.7566580122714583e-16,0.6444203517273442,1.0,100.0,1024,5f4c3da1157838734ef07571c2143e035d586bc413e35a1c7ffb3d32a8a142d0
131,0.031166080476475552,1.067268264587513e-13,3.4434210387385866e-16,0.6036201362563478,1.0,100.0,1024,151bbee1a2f8f4b25b4790db5e3c2adbb77d62f8302875d35776fa5f7d03d594
132,0.038011147293857,1.522420875510985e-14,8.170678611406001e-16,0.4496171701773835,1.0,100.0,1024,9c850c69c34191ab52a4e948d053c112d4f8b18f755996b1936ae776106ff801
133,0.04569917919887154,1.3204578438052497e-14,6.780407221126954e-16,0.5111923100994206,1.0,100.0,1024,a99f0a29db2587b358aaba0300dcf2ebcd3d0a0e93dc8a424614a0962c77c851
134,0.05126566486997635,1.5115402533680805e-14,5.516767931836989e-16,0.46374132751591435,1.0,100.0,1024,745617dc954beafaa72b30b1a1d765d89ea384195f8b4df0aeda0fdef08222d4
135,0.050553936260078015,4.600548494509094e-14,9.950385269440873e-16,0.5337569849259709,1.0,100.0,1024,5c498d867b49b271729ac3a6556879fb00c615f75bf97fa7497e00538963f068
136,0.045521183320529755,7.005893533143108e-14,1.355205034214674e-15,0.6758097261461983,1.0,100.0,1024,e09506b8470b63e5c2c12033fe8f7b11cf5329be723572403198a2002c26867c
137,0.0714736302671676,4.138933696159388e-14,2.633394128158857e-15,0.5985160776232028,1.0,100.0,1024,8cf6038d5a799a360de6efcddba2fdd46c6e7b4f64bedbe11fe8de6960512fb8
138,0.029115630818678545,2.2139820406622745e-14,7.696759456159026e-16,0.5921473897611043,1.0,100.0,1024,bbfb9a4b424e7f98cd7d930bf4c3c32633c9b8c408150183b45ac011f9f4aa61
139,0.04708153731316478,4.0934633084217024e-14,1.6937385986748956e-15,0.44350762865674836,1.0,100.0,1024,20e17cf8c1b7bbdf040946ac9380b184ec1d89f5f85039b368d9e279908335b6
140,0.030517654168238453,1.5635953123675517e-13,5.311274600385881e-16,0.6127179855697017,1.0,100.0,1024,2ac85cd0893beb70233776c320c40dc18affca0faa7d93af0173291123e371d3
141,0.04335308543095769,3.934771858881523e-14,1.646659625824164e-15,0.4736363636363635,1.0,100.0,1024,9051071b85745411884cba4e284e9692ca50623415459ad502946ff13ef2dd90
142,0.026526914589987613,3.32704488971021e-14,5.788357586670806e-16,0.5027338888491524,1.0,100.0,1024,aa6bf7d31c75c30756aba4e552e080fd2e0c759cc0d7c4c207fcaeaf7a3295cc
143,0.07245182434230707,2.0880607634428152e-14,1.8922850615732193e-15,0.2128509115048995,1.0,100.0,1024,4fa4c38ff82ad227757f3a46ee9bb5704a7d66d1b0ebbffebef3ecb3f42c4da1
144,0.036604643474841415,5.902437023711878e-14,2.681222169933709e-16,0.5804479293326656,1.0,100.0,1024,83650f041797fde814fb843dc304ed55555bae9805315da0c6062c551d8303ab
145,0.04147828570339032,1.4316311580617347e-14,3.1397018770186666e-16,0.6478392438845575,1.0,100.0,1024,78fce2f106acbbc4bfe6ea7b706707e0403366334847074373515e13b867ee0a
146,0.03438672542220643,4.354017669479165e-14,7.287091881260022e-16,0.59826923592733,1.0,100.0,1024,976c05d212be8aa0d37c026d989c6ad587919865e89acf756f4deaa0e2e93220
147,0.042485103124492024,4.4704309556138786e-14,1.0116849908060488e-15,0.5756179480187397,1.0,100.0,1024,07e8eab83dffce649b26ebc96b9988bb9cc1f9af041ff2efec80dce6f48e0e44
148,0.03863824492187039,2.3182170535695614e-14,9.403864575304348e-16,0.6124218247085329,1.0,100.0,1024,32252995eae14bbdbe004b4edfd30969c20dd11f373cabc5a998f7229310e367
149,0.03441097795010955,1.8168529623098494e-14,4.0105341625430723e-16,0.5468909591588584,1.0,100.0,1024,19ce50a6c18f04f7142c067d73995c36b33db66d549b0558edd79274c350f745
150,0.05708797011207151,1.3537448485091491e-14,5.669701534281764e-16,0.502405776142622,1.0,100.0,1024,845ad27d58e4aff6a4c64f47eb4a595528e4e400e80d1416df567abbb6e78f07
151,0.054654118267386,1.6973701004908774e-14,8.552500629249773e-16,0.6062018207746226,1.0,100.0,1024,f43ffc4d4bfb4a952b7b39661ca1b26e7ee38af65fdec09667f0a71efc2afdfb
152,0.03144701233740939,2.6279255219944172e-14,6.028104509860664e-16,0.46414940365496027,1.0,100.0,1024,0cba86201f1a62625337964538ad705fa81db88b6374d9917d431dc23cad52ae
153,0.042656501581231764,4.8147946280898783e-14,7.912893609554243e-16,0.46709980285744934,1.0,100.0,1024,87c6ab87adce5ad8401a6e8552cbed4dcdf33a7f23ca9a691ea78727e23b80e5
154,0.01949020784911097,1.1285812144489072e-13,0.0,0.6961488359201774,1.0,100.0,1024,da1db019a78035574fc86c4397b422517ed1ae57dcaaebc693b1dc3f28e89bc0
155,0.04386766606690612,1.3686084828479604e-14,6.017939974731153e-16,0.6412331691223804,1.0,100.0,1024,5c4c5eb2b2fbb2e2be9d7561b1b54bd56f3d1940b6bf0b6002c1174c3891bfe8
156,0.045389590220108536,2.5614904136656168e-14,1.1814456884894873e-15,0.5603491233638509,1.0,100.0,1024,f7114ce955d4cfba5b9a9464728ab57d55701455fe50f80e8737a703ea8d0ead
157,0.04416270896493075,2.620363135615414e-14,1.273084042471411e-15,0.5228383721657964,1.0,100.0,1024,f58a616e579b67b211f82094c9a40211b90acfe2d3418f17307f32f4b9f676d3
158,0.04034190687355243,2.466855001323821e-14,2.1327682721253917e-15,0.49355052169015085,1.0,100.0,1024,635b3f4a3619d6033421b2ba13059d47029637021f41c60350455ae943a856b0
159,0.046182088332570925,2.2307939872751757e-14,5.932957787052835e-16,0.5609495811279593,1.0,100.0,1024,685326e443faac59f678da9eff5b5f455b5397442ef8ed52842cc4f293b80ecf
160,0.042105807363443236,2.2941481034994235e-14,4.3055695975272533e-16,0.5990489101280309,1.0,100.0,1024,37070428610643c6b9ce6914c52da5f38edc53365c225ae6ec2c249e1ce4e452
161,0.027699049381505005,3.4558920106296816e-14,1.610026040132776e-16,0.5018033514233603,1.0,100.0,1024,42dc3698f54beae989d18a2bd2cea47a5616f392ee43fa0d621b75fc935c7338
162,0.025370497990008935,3.368209749875418e-14,3.46586566897948e-16,0.4529826975001788,1.0,100.0,1024,1f8199f60f94aaf5ccb8292bf04abca2abdb6ef930a04a245720cefb6d2325b5
163,0.028228674832341944,3.4180613143149145e-14,3.5900736250072474e-16,0.553867424987483,1.0,100.0,1024,26ec89d09bdf7cdb120c8a704b7e9b2dfd16bbce011af16b33c2a9e19d51969e
164,0.0392886107157145,8.992022583756754e-14,6.531897756388107e-16,0.6434910101208783,1.0,100.0,1024,aea0c86567c299a6e5c47c52990ac0e61f70c26373906e03efa03bf94f962d80
165,0.03263041815262149,9.903895549141942e-14,6.119119963484366e-16,0.6350135451684428,1.0,100.0,1024,90c9bc3ba5871516a01da8a94c10ec0e95c70edff8f723ee69bca74b09fa0f28
166,0.049385402188832736,2.0192550459920573e-14,1.1626378528440712e-15,0.37869536111508467,1.0,100.0,1024,26dcc9c182477c98b2d7afc0a127155a7ae6d7a02d8922f7671b00174c48194d
167,0.035402557861116804,7.422112116210866e-14,8.708279039756627e-16,0.6821514354302267,1.0,100.0,1024,f3e79a7a0453851594723fb8670e6b367ceadfae0f8ab263beb4ad429210eed8
168,0.02579586305939888,1.977912473290292e-14,2.836856781789711e-16,0.6286634539732493,1.0,100.0,1024,d26688718236a2feaee857e19e27b8e0bc31e897ec317c35703258ba03cc60c5
169,0.04103853495789579,1.34050088681228e-13,2.084997660243991e-16,0.6292863752592803,1.0,100.0,1024,3af5c555cde739657be58d5315b6b7d2e0cc3b5e340c6cf8b6899a8ae6f56a33
170,0.022868647398515334,9.799030200945131e-14,1.2947104876390436e-16,0.6303737550067948,1.0,100.0,1024,2d54cdf40f1d240834507a9ca5b07a3cb37ef1878158fb273bfa9f0bea23aac8
171,0.044659992639554835,1.631491930557778e-14,9.661404093523674e-16,0.6049144709784707,1.0,100.0,1024,f90ca06d23a0a57ef24797d06b34559198c3cba7f7c8e76cdd7c80524767ff67
172,0.037653789655375663,1.114068398263532e-13,1.1728827388813469e-15,0.6526296514019025,1.0,100.0,1024,dc170f47673d2467e89bdf44129e2dc1ecea5a6a790b83ed7faaa71479686a8e
173,0.06852325649735239,3.065305159621802e-14,1.1345416754553987e-15,0.5118170642300264,1.0,100.0,1024,82aa207b3c25b280b69f79d6e62425b25566671ee710549f3d0c6c3127c1d6f1
174,0.023887731470636393,5.869756832952788e-14,1.4579729973118856e-16,0.5201866483978256,1.0,100.0,1024,b8878e12560760c8f937d4551e56eb8cc15ee71a784b2b57971f2115bed772ff
175,0.034019069373860664,3.3794169752780156e-14,7.48285809969443e-16,0.5845332057792718,1.0,100.0,1024,c5e4d33c934ef7bfbde3ab194d64e96c0347b5bc3374fef200317e0edf71f091
176,0.07173580424660406,4.647850533121554e-14,1.5841450814396394e-15,0.2827094471961948,1.0,100.0,1024,464cce3a8cfaad3dbbf84f0764e6caa2bd03943739931507c471a6c4349ec8f7
177,0.03383839545341192,5.139909642697382e-14,3.833358137568233e-16,0.5814761551391173,1.0,100.0,1024,d6fdae37f10c69b8ff1ccc7d447105179baaae3db3235b981e8eca03bfd47ab3
178,0.045061610107462104,1.4140511369200473e-14,1.1445800062741643e-15,0.6164850958443602,1.0,100.0,1024,1944c98243fa9ed62e30da929fa4f76de139599efc5e061e5a2b76f0b77b317d
179,0.044397588633550526,2.3571921596751956e-14,1.790745354817046e-15,0.6697791981081467,1.0,100.0,1024,40971f417f2efc128993db8c3dc07d46114114f1ce64fd90662925568edc32b0
180,0.027164410412785764,2.0103338184266427e-14,1.5759660776332996e-16,0.5593466467884985,1.0,100.0,1024,847d8cb06bb2ea91885b9826b1944296d20dcbd91fae5ab309032851ec72d1ec
181,0.03754945871924151,2.4049994342378706e-14,2.1088585886408735e-16,0.5940734076603961,1.0,100.0,1024,34d3b85834b7f3d74b8b2e34b41fe5bdc4468f7910beb1a918d32bc527684f81
182,0.0355604364308277,4.877351045348597e-14,5.193781887767964e-16,0.5355351682640727,1.0,100.0,1024,da298b95dff6b927ecbb54bd9d43abcf124e01e51ff2db0b91b158ed7c70e45f
183,0.01941937784033394,4.924577542262092e-14,2.6533658608401525e-16,0.6220802450647307,1.0,100.0,1024,e06f6f07b9a6602a4f50aa25b4a8fdf5ac18e7cc1490b5c87201380104a09a98
184,0.040685246913670155,2.3337309692764877e-14,4.0795747024162665e-16,0.477053802928975,1.0,100.0,1024,eee8fdfe22955f33716e32b6e731e44d272dbf03c322e33974929a90e5a2475a
185,0.037547638672218886,2.1844103934714453e-14,2.729617131870039e-16,0.4892288753486874,1.0,100.0,1024,f3a741468a1a23b1b6bbb4450f1e9680b03364fc69dbf299ed4ba02860bfc176
186,0.04506317116210689,3.431372078643519e-14,8.424222205932848e-16,0.4773626931192332,1.0,100.0,1024,ab7099252491271815c83871ecbc75f40bf6b4735bd54396d36f267f3ef81aea
187,0.04440250645395199,5.6660301966943223e-14,1.176707961716332e-15,0.5461971716078964,1.0,100.0,1024,a406ac2249e4c621700da2f7eb1d68f964846c19fff0cf5390436f91dc587681
188,0.0246159189691849,3.6241664176536344e-14,3.94048803626431e-16,0.5598214429404191,1.0,100.0,1024,a5582ca4b7d018c0e507a8e34a27ec4ef103a6c18794083cfdb9e2063f9e23d2
189,0.023101623692863577,2.960767768408676e-14,8.300953916610634e-16,0.5839003156068949,1.0,100.0,1024,ceade8122657d0c36b2a1f7f53d3b545096b372ae16414044c48259f2dc54a0f
190,0.04506625582144326,1.1693062706997622e-14,1.436520386295245e-15,0.6180657454760031,1.0,100.0,1024,e31fd63bacce95c44de642407beedc1c3f7c7fc0a87d93ab8a77d87de75d53d6
191,0.036522912266926895,1.4393419017291606e-14,1.0508156541716497e-15,0.42417109604105563,1.0,100.0,1024,4c1749e6c2f5ccd167ed144f75a33ce084b76796d46bca32ad5fccaf619139b1
192,0.09954447657219193,2.962482262870935e-14,2.940070371966086e-15,0.5492990598848436,1.0,100.0,1024,397fcffd7cbffa4f11e0d946ad0edf42ed2bdc45a61ea4aae4814a59bff835ce
193,0.03347941618847495,2.503955169120884e-14,7.400549066943748e-16,0.3519612778055933,1.0,100.0,1024,9585807fdc217fd35ee34130778f09f96a6943084435ab79f12266f29ad51f02
194,0.02787531082938415,6.308752241501049e-14,4.345211048428109e-16,0.5137075651777412,1.0,100.0,1024,4491657a89f06ba18496936c36b7ef2a5bccea2ef9b242b757b5d6631395019b
195,0.04641540316789224,2.2273724896196454e-13,9.108727642993807e-16,0.6689483830734568,1.0,100.0,1024,5e3539721dc67f0da71da83f0e93d9b3dd4c24b90cd75ad4b11a7221a939ac59
196,0.042064686097396296,2.9305973259941845e-14,6.82017139336589e-16,0.5030311337708318,1.0,100.0,1024,ff9d6618c029bc164794c0f22c20d6ff5ea5ea930878c66fd34819686686009b
197,0.08724281181228688,1.2704057314772293e-14,1.9768151018433555e-15,0.549080370234604,1.0,100.0,1024,eb2c3999653e3db0b1b4e72d5ac6db6f46c01f66076c692a9c3d7bd501c51134
198,0.03742875275423297,4.7781228055922216e-14,4.503158568670631e-16,0.6200518002110006,1.0,100.0,1024,2e86bbc2bfb529666c4d310bd682cd5990c5bdb933e91cd88b94bdee6ab5d5f5
199,0.07781109094582973,3.311254658312108e-14,6.977639973696245e-16,0.5603786947464414,1.0,100.0,1024,6874916ed4e1c9e1a055a8a1aeba888ddc8f7840e8be36a9e4427205eff5c9da
