sample,seed,relative_l2_prediction_error,raw_spearman
0,0,0.04757610614799618,0.07178308955010371
0,1,0.03721787983926196,0.22657196597167584
0,2,0.04472009865095883,0.06601797752306701
1,0,0.04516726660969056,-0.1232283992561333
1,1,0.04435995569913934,-0.13801417995851512
1,2,0.048323184995576494,-0.232125093877405
2,0,0.09790430578761403,-0.16345020697732637
2,1,0.08682049395353947,-0.012271039714612688
2,2,0.09949568135265204,-0.1535417150954867
3,0,0.05074492015781492,-0.17289083175380873
3,1,0.0696689140364058,-0.00677970325799299
3,2,0.05914586802584578,-0.05016577185108361
4,0,0.048667042734373674,0.02963159824046921
4,1,0.03892870140218375,0.010896305700593661
4,2,0.04958009262863415,0.018416008779772546
5,0,0.03289878022403836,0.08750535324726413
5,1,0.03572071241724459,0.012019694138473641
5,2,0.03567953662419045,-0.11345322446534581
6,0,0.03679647229919672,-0.035724498873471136
6,1,0.05002400704904029,0.004109606340748158
6,2,0.04600025617408671,-0.04179924987483012
7,0,0.03058515655614202,0.08308284457478005
7,1,0.047282487124705765,0.26207065615835773
7,2,0.034630353368471985,0.14545766352549888
8,0,0.03729212040971868,0.1336368218475073
8,1,0.0308106363622769,0.11635938952864601
8,2,0.04821141987547697,0.18996837225520347
9,0,0.03518400521962515,0.10859576165867964
9,1,0.05147094480670859,-0.010037707424361633
9,2,0.053248475871691216,0.08247654182461911
10,0,0.05044152203848421,0.11585622898934267
10,1,0.04946011044006094,0.01709789178170374
10,2,0.052785337639698435,0.13061924442099992
11,0,0.06742106697144808,0.34216696990558615
11,1,0.06400213893585241,0.22839038248337026
11,2,0.05829343995147457,0.3164747916815678
12,0,0.04401020191833892,-0.06963720853300909
12,1,0.04292971709180462,-0.05625832603175738
12,2,0.041913182987939834,-0.19846512677920033
13,0,0.031145297855860087,-0.13265546768829123
13,1,0.027027937017862342,-0.141774595880123
13,2,0.031781495619728636,-0.3047236875044703
14,0,0.057417660623327656,-0.23199852701881118
14,1,0.0503881082119338,-0.05519849483227236
14,2,0.03934701595510513,-0.025327050997782704
15,0,0.0403664619983314,-0.04163731135111937
15,1,0.043220677901707485,-0.09664237402546312
15,2,0.04216035457090186,-0.16672801480580787
16,0,0.04269290522157736,0.10092492713325225
16,1,0.03901756278223038,0.08903433677848509
16,2,0.032729367473919475,0.15073834579071596
17,0,0.07327312298475372,-0.1527116153172162
17,1,0.05347474129876983,-0.15539972775552535
17,2,0.055176468221285344,-0.15671250268221157
18,0,0.03593181055044392,0.09669287783420355
18,1,0.035238963050026634,0.13570075012516986
18,2,0.038109328763583195,0.003878220889063729
19,0,0.038916899813687136,-0.028326411737357837
19,1,0.039715481164965864,0.023710973821615047
19,2,0.03562642420976064,0.06199677240540734
20,0,0.04732356897700608,-0.023682967062441884
20,1,0.034457501863084744,-0.009543454062656461
20,2,0.02940701735750793,-0.02493611866103998
21,0,0.05162579390076678,-0.14771205117659678
21,1,0.04066986104574418,-0.04816428322366068
21,2,0.05658752803384579,-0.192440298440741
22,0,0.03618104925860456,0.1752072567234103
22,1,0.05490403371897437,0.2227763124955296
22,2,0.0374643578820138,0.24132173798369214
23,0,0.038361368913000266,-0.025894428152492665
23,1,0.03214180409978114,-0.11925018775481008
23,2,0.033380372826142805,0.02337415510335455
24,0,0.03440555289706525,-0.07856382098919962
24,1,0.03875065821835765,-0.010364154924540448
24,2,0.03374506164500795,0.017780570506401545
25,0,0.029027356776757673,0.04903088343108505
25,1,0.025022463173238994,0.019096966418711104
25,2,0.030771880125231264,-0.0565830636220585
26,0,0.04245380762541902,0.047542367766969455
26,1,0.04245430537650772,-0.009206758279093055
26,2,0.03304414851069075,0.004197024086259924
27,0,0.0810145041014447,-0.11025909046205563
27,1,0.061790496539682285,-0.013236937629640224
27,2,0.08447485583451374,-0.17356330689864816
28,0,0.043231745186085024,0.14482076121164433
28,1,0.057096469706022356,-0.032039844252914666
28,2,0.043045723356380676,0.030394452739432084
29,0,0.03546102927615891,0.23268127279879838
29,1,0.0339924329389402,0.05025511184822259
29,2,0.04352299428498121,0.21793770340104426
30,0,0.05467409724431887,0.03754296008869179
30,1,0.06299570308215201,0.06647301471640082
30,2,0.06354738634230175,-0.13164359219655244
31,0,0.052850051732270545,-0.2560563890279665
31,1,0.056580947479921276,-0.2504049580680924
31,2,0.05466805072129967,-0.232747165796438
32,0,0.043513085701500455,-0.022180392139331945
32,1,0.05189200139491186,0.018015163436091837
32,2,0.043795214555915375,-0.020458647003075602
33,0,0.03920656805112761,-0.07211605258922824
33,1,0.04467654181922171,-0.04966399712109291
33,2,0.039458309475833404,0.0024927468528717542
34,0,0.05233266094710549,0.022304578535154853
34,1,0.05509440055545097,-0.07264938800872611
34,2,0.04992706397091904,0.03644096228810528
35,0,0.04331472457188409,-0.1299664947071025
35,1,0.038379538477687006,0.01966723812674344
35,2,0.03780516540230729,0.049925177472999065
36,0,0.06142460359580811,0.12356934187468709
36,1,0.060407329874632085,0.04928614056576783
36,2,0.07059443029766391,0.1791855799835491
37,0,0.08831718197630668,-0.28931419202846714
37,1,0.11010925026461368,-0.3185163905478864
37,2,0.07349380353676839,-0.29383158393534076
38,0,0.031233366464085942,0.009904546795651241
38,1,0.05349472937402428,-0.07721996593591302
38,2,0.04252573672217151,-0.05786851351834633
39,0,0.05106187121769011,0.0329714210356913
39,1,0.061077382425629184,-0.04006427249481439
39,2,0.04796426088323757,3.075602603533366e-05
40,0,0.04375825882271671,0.041503737214791496
40,1,0.043826924780229926,0.13317773898505111
40,2,0.05119818220337578,-0.06026755060439166
41,0,0.04359822162350339,-0.06861386658679636
41,1,0.05017229503794823,-0.11925248998641011
41,2,0.03233148163055208,0.10658078374222157
42,0,0.05165221242737882,-0.08318986481653672
42,1,0.04453134748419822,-0.06340710160217437
42,2,0.04651357329391248,-0.19533206896860025
43,0,0.06393194254128542,-0.28743400641942635
43,1,0.07111639311740267,-0.30526076684428866
43,2,0.05566078811355052,-0.2276964831735927
44,0,0.07163516992411019,-0.08523888446820685
44,1,0.04866782430354061,-0.024604675541806734
44,2,0.07916343188791392,-0.34163165635505327
45,0,0.04234259315783655,-0.15693812137901433
45,1,0.040537924233723856,0.09611516298905656
45,2,0.03991922126615363,0.013733336760603678
46,0,0.07421110949746113,-0.1085821047314212
46,1,0.06310104258204241,0.04716864628781918
46,2,0.06302041949962342,0.010725862331020668
47,0,0.0213251293070823,0.1714126873077748
47,1,0.026382115882547276,0.09445029191402617
47,2,0.02779585055048151,0.17596592026679064
48,0,0.031272514419815024,0.04754344065159859
48,1,0.03726029182395062,-0.020084355553966093
48,2,0.028872504913580566,-0.07051778976825691
49,0,0.04298573859091939,-0.08057591552821686
49,1,0.04534550735116309,-0.006219366908661755
49,2,0.0462224347616622,0.014481003236535296
50,0,0.05152583482091767,-0.037044415188470056
50,1,0.049453032883632356,-0.16687578231170874
50,2,0.055690421616298544,-0.12888804448894928
51,0,0.03356357779994661,0.1793389130784636
51,1,0.029565974458732987,0.11947955037193332
51,2,0.02233287686214952,0.24998267738359203
52,0,0.044232142296252115,-0.32610051140833984
52,1,0.04542176624236158,-0.396241260460625
52,2,0.035081799301910535,-0.11490417799155996
53,0,0.05828002564571456,0.17765538945712037
53,1,0.0666463097907962,0.26088457102496243
53,2,0.050377593325024866,0.18907148540876903
54,0,0.03863070052779622,0.008550018775481009
54,1,0.03644670934695628,0.006717017738359201
54,2,0.04305043970482546,0.01676222417924326
55,0,0.07628177695408346,0.042533538820542165
55,1,0.08411836546025847,-0.07300645742436164
55,2,0.07316075412176713,-0.10259930888348472
56,0,0.03582999962818947,0.16297700897646805
56,1,0.04858281456423079,0.130299457746227
56,2,0.03648179455644249,0.0979825522137186
57,0,0.03077819304417888,0.2244635353336671
57,1,0.03405933844155132,0.07709853998283385
57,2,0.02277624361299507,0.16108374758600957
58,0,0.12606275052285915,0.26774647289178166
58,1,0.12270420055895122,0.28334865174164936
58,2,0.10055928701289646,0.11544502360346183
59,0,0.07924180998752507,0.17629765395894426
59,1,0.08091112297503672,0.17364505847221226
59,2,0.09674609910202006,0.04593586832129318
60,0,0.02942572285035793,0.16168675345111222
60,1,0.04336674670566746,0.2787373265503183
60,2,0.03093116094173458,0.2015738770474215
61,0,0.049486391766370916,0.18303763813389598
61,1,0.04981788710425332,0.10227595710249622
61,2,0.06325606332750508,0.24831110077962945
62,0,0.053418450065463335,-0.2870884816894356
62,1,0.04239572184286041,-0.2746595714719977
62,2,0.04663312153580576,-0.21883118160360485
63,0,0.05661934230695653,-0.29092783286245616
63,1,0.05529673593145823,-0.2642951036227737
63,2,0.03935653199315487,-0.19337069058007292
64,0,0.02712975133031242,-0.04760467330663042
64,1,0.03435082947682781,-0.08887917083899578
64,2,0.03632769271019178,0.15477106206637578
65,0,0.05199558911117073,0.02619675810027895
65,1,0.04915057043907717,0.16331173780487804
65,2,0.05819091916350054,0.008195799209641655
66,0,0.04583736825071528,0.027919106734139186
66,1,0.04075869032250028,0.024970808597382158
66,2,0.04045201015452239,0.04292931031399756
67,0,0.03512070546826939,0.07091465649810456
67,1,0.03616752217251361,0.023591816572491237
67,2,0.03147046575121762,0.16167680691652958
68,0,0.036178714137646034,0.0038360542879622337
68,1,0.03356706679367134,0.03913479677776983
68,2,0.030036386855739162,0.07420794292253773
69,0,0.07865879577246149,0.0405731886131178
69,1,0.04577391545890283,0.04232287345325799
69,2,0.04817686682880849,-0.015715971675845788
70,0,0.03339139048439864,0.12652218859523637
70,1,0.055517352181864946,0.19350572875688432
70,2,0.04441397056367483,-0.05988185975609756
71,0,0.028798095936582578,0.15432332272369645
71,1,0.03265708216863148,-0.034037466025320075
71,2,0.029833058736568704,0.19795551775624057
72,0,0.033946452196786034,0.18019853953579856
72,1,0.03470619201354089,0.10854854355911593
72,2,0.02551498988428291,0.20537434732851725
73,0,0.02540548589356882,0.07776505838280523
73,1,0.026392652349747196,0.14842613412846004
73,2,0.029604754582578725,-0.07078965426292826
74,0,0.042811647036272125,0.018052624991059293
74,1,0.05006630472431257,0.04553435242471926
74,2,0.0300199912804178,0.00320149890923396
75,0,0.04501598520825305,-0.10231408921035691
75,1,0.04362774388677389,-0.15031565159859808
75,2,0.04035693381628222,-0.18146819791145122
76,0,0.04115068825106846,0.04177226012087833
76,1,0.035287254109686354,0.10197293425005363
76,2,0.036446392394862984,0.01646590685573278
77,0,0.08220983442246121,-0.22634066992704382
77,1,0.07058427034576895,-0.2502679641120092
77,2,0.05796318571464331,-0.1786512610864745
78,0,0.035242010686715244,-0.1328003741685144
78,1,0.027122854150100836,-0.13802304243258706
78,2,0.025372312159330272,-0.08424647736213432
79,0,0.0626931080916003,0.020546198859166007
79,1,0.06916976334019016,0.06597215640869751
79,2,0.07119147888201412,-0.03238893408912095
80,0,0.07757711357430051,0.13917348767970816
80,1,0.07635492004307971,0.10008892648952149
80,2,0.0760922652890875,0.0664871410306845
81,0,0.04702860859105935,0.11272526106859308
81,1,0.040370187287120635,0.04563997568128173
81,2,0.04877824511587993,0.044837022119304765
82,0,0.023360119763277835,-0.061286880409126665
82,1,0.02488595930186388,-0.17229127923610613
82,2,0.018167718587908926,-0.025315841588584506
83,0,0.026415417729514105,-0.06260158876332166
83,1,0.02720319189395762,0.07739878004076961
83,2,0.024100336664849994,-0.029251126528860596
84,0,0.024636002142730484,-0.03999038874186396
84,1,0.02616200292047027,-0.03597389984621987
84,2,0.02470549928153203,0.054492872022745144
85,0,0.03481941882579516,-0.18627379345182749
85,1,0.039965214883218546,-0.14969994993205063
85,2,0.033202902868851275,0.004136037300622272
86,0,0.04282673826284863,0.02362338843787998
86,1,0.03290019174561255,0.01620241309634504
86,2,0.04255142349138774,-0.023241642675774263
87,0,0.031163458563530765,-0.07472645912309563
87,1,0.03694627094534665,-0.1910126801552106
87,2,0.035457153820487884,-0.19168350126958011
88,0,0.03529528884638831,-0.14484962851369715
88,1,0.04137850620017476,-0.16368123480080107
88,2,0.045041641423910164,-0.11841426534225019
89,0,0.04149458153581495,-0.19378949556541017
89,1,0.03669189102844743,-0.09670276848937845
89,2,0.06871383200030443,-0.352767315910879
90,0,0.048926346127303066,-0.10195447169372718
90,1,0.043030375634768914,-0.02757319084829411
90,2,0.04691039824216844,0.11179398603461842
91,0,0.027888720498306287,0.11606445801444817
91,1,0.02544747132752483,0.008867838495100493
91,2,0.02330317724378037,0.21925854731421207
92,0,0.057733760138951984,-0.05458395545740647
92,1,0.06062722595949347,-0.12706435296116156
92,2,0.056684174219058206,-0.2812037989056576
93,0,0.02511428912896798,0.1744348244939561
93,1,0.02569115891737639,0.08237156676918675
93,2,0.03403765714709805,-0.03806259387740504
94,0,0.03539315359954973,0.014989494671339674
94,1,0.035537999762765726,-0.05426430289321221
94,2,0.02531579634312932,0.013971673610614403
95,0,0.04109756336400662,-0.11782142952936125
95,1,0.030586198365550564,-0.09672964648451468
95,2,0.03875289807824902,-0.1976704098419283
96,0,0.04670197043962867,0.017994041019955654
96,1,0.04927839205451838,0.10135926659394891
96,2,0.04207249545950413,0.021387575101924038
97,0,0.045601011042736256,-0.1567096751841785
97,1,0.0542022550742301,-0.01695001251698734
97,2,0.034117522770464453,-0.028598320935555394
98,0,0.05980013477832168,-0.2836043559115943
98,1,0.048156965042894344,-0.2806183950540018
98,2,0.05082395558703339,-0.2677808163757957
99,0,0.0616148346311975,0.23628190714183528
99,1,0.06327056505578597,0.08315891880051499
99,2,0.0607822243840347,0.24549853372434016
100,0,0.06425332920679573,0.012123462198698233
100,1,0.05369320337341053,0.15750086054287962
100,2,0.05113880214595278,0.16018380972391102
101,0,0.023449057478784546,0.017741969011515625
101,1,0.022011508932556493,0.0997960513375295
101,2,0.022385968651829135,0.07217793344539017
102,0,0.020255456571197008,-0.005756204849438523
102,1,0.018279244943419457,-0.07492190293970387
102,2,0.019871025851310797,-0.11406700388026607
103,0,0.07213600036988334,-0.29213292817037406
103,1,0.06961074779681233,-0.20494008609899148
103,2,0.10654130383464006,-0.18136305521779558
104,0,0.034746858710549396,0.1743474849796152
104,1,0.03620507733677019,-0.09257646538158928
104,2,0.03719118943405969,-0.005152439024390243
105,0,0.05687157458098042,0.1578336224161362
105,1,0.062290303368410536,0.22690317439739643
105,2,0.06285448717720454,0.23856650320077244
106,0,0.04251520516561444,0.02316902179743938
106,1,0.03598523359174179,0.1467977076031757
106,2,0.026326365597190367,0.13427854096631142
107,0,0.031860539411882285,0.053681849474286523
107,1,0.04091079376830317,-0.048237038212574204
107,2,0.03320735444716786,0.09962608853086329
108,0,0.04127827653477631,-0.12053277662542021
108,1,0.03562927880745365,-0.12541307175810026
108,2,0.04867117998178179,-0.21272948555182028
109,0,0.05858607162030502,0.23194194353050565
109,1,0.052287903877601724,0.305945233710035
109,2,0.05672795291990769,0.08100991971246692
110,0,0.04013302415561889,-0.1427436565696302
110,1,0.03911614871845552,-0.05424176114011872
110,2,0.034579359723102485,0.06342630176668335
111,0,0.02769383862914128,0.07124427794864457
111,1,0.03793812505118673,0.015976671464845146
111,2,0.0402983763710191,0.047101177490880476
112,0,0.05018857982310073,-0.10880579000071523
112,1,0.043435415732889705,-0.11631366899721048
112,2,0.04337975774082796,0.036263511640798225
113,0,0.056526852911392755,0.11037206744868035
113,1,0.0551703895387975,0.14261127825262856
113,2,0.0410968820252096,-0.03877115594378084
114,0,0.05589108725398977,-0.1289780215113368
114,1,0.054602173729613936,-0.16714360113725768
114,2,0.03737703862891077,-0.08617583685001073
115,0,0.033947637812635025,0.23475882447607463
115,1,0.03468464952377598,0.27134093814820115
115,2,0.04037074306074136,0.2745213481689435
116,0,0.062104720007696,-0.07869974206065374
116,1,0.06355844206277023,-0.09131138911737358
116,2,0.0795429273060149,-0.2561865880480652
117,0,0.07097801968174598,-0.10361416833559829
117,1,0.05231057032422561,-0.13212564149560116
117,2,0.06107086441390185,-0.1339522164008297
118,0,0.08632849894290351,0.04292961206279951
118,1,0.07258286388626037,0.09650045150561475
118,2,0.0616973240143205,0.06721877011658679
119,0,0.036707363776206925,-0.1716838924254345
119,1,0.03548604808668413,-0.13125820309706027
119,2,0.027575084557385356,-0.04869495878334883
120,0,0.0576848546551647,0.09982193467920748
120,1,0.05924466400343258,0.3808385599206065
120,2,0.04429556217241468,0.19407384351977683
121,0,0.03492418537440302,0.12638906149417065
121,1,0.03401076916996353,0.009944634682783777
121,2,0.041448209930103515,-0.1484136618446463
122,0,0.04391489933357615,-0.12779057292039195
122,1,0.04574703639099515,-0.12157602281667977
122,2,0.04156579175555791,-0.19739254389886274
123,0,0.02278386392319082,-0.0782335289857664
123,1,0.0403086771190061,-0.24575661835705598
123,2,0.026404342955832643,-0.035401437665403046
124,0,0.0420280290322351,0.08162569961018525
124,1,0.03629905600006353,-0.02290552803805164
124,2,0.049308505171670874,-0.13972099411701594
125,0,0.048042748333834095,-0.11073602120735283
125,1,0.04265404277506011,-0.0482223419283313
125,2,0.06862789441883572,-0.08224403878477934
126,0,0.031731766288939534,-0.22328681558901364
126,1,0.03975191113497791,-0.17697880158786924
126,2,0.021857620756893608,-0.16513055664830842
127,0,0.03669322026402429,-0.035501920016450896
127,1,0.04704495857759364,-0.06378798682140045
127,2,0.03068192734597121,0.0476410955046134
128,0,0.060491258193245405,0.0738678608468636
128,1,0.05020631449749183,-0.050619300300407684
128,2,0.046086728694691666,-0.07778691840712396
129,0,0.02519744114571869,-0.03811919971747371
129,1,0.0391464957067291,-0.1659000719726772
129,2,0.03393805020307122,-0.14757418550175236
130,0,0.03590813262121802,0.1326583175380874
130,1,0.037247014819215093,-0.06839772503755097
130,2,0.027858331284180082,0.0574488144624848
131,0,0.0436853383859158,0.24648087136113295
131,1,0.04324116170898327,-0.035852462717259136
131,2,0.026234760964815546,0.08238371495243545
132,0,0.04752024843539755,-0.14737099679922752
132,1,0.04442414494014957,-0.10339652921822473
132,2,0.03195970289738591,-0.08126103059509333
133,0,0.048561644061496635,-0.08457008618839854
133,1,0.049019911453627635,-0.12844411612187967
133,2,0.04780790885488309,-0.1912458313961805
134,0,0.05756753630029523,-0.13343082799871253
134,1,0.04423374486527874,-0.07042875151991988
134,2,0.05943072087606672,-0.18148617990487087
135,0,0.043853405019053195,-0.24305919640941276
135,1,0.058419979565632475,-0.024766669944925254
135,2,0.05843222967621918,-0.10716499177455117
136,0,0.05498817301653747,0.003690063747228381
136,1,0.05027003214056714,0.17133293621700876
136,2,0.04567718481125391,0.18597977835991703
137,0,0.07881201192428425,0.2837060340819684
137,1,0.06702315165784535,0.2352757760532151
137,2,0.07736893922501857,0.339305910700236
138,0,0.034538044371512686,-0.07674548270867605
138,1,0.034637665744088386,0.05735224366998068
138,2,0.03025976614876058,0.007277845826478793
139,0,0.05689492690151919,0.016970296742007007
139,1,0.042114106638635525,-0.01398767747299907
139,2,0.05002123439033339,-0.021134508440025745
140,0,0.04084707089080655,-0.030997648594521133
140,1,0.0432280191226582,-0.08819096005292897
140,2,0.029922722488186525,-0.06158311950146626
141,0,0.05209862371272369,0.22171604543666398
141,1,0.044290337572941034,0.13639613582719404
141,2,0.044154098878374785,0.06003686923324511
142,0,0.024956024234728372,-0.04252063067734782
142,1,0.036572944474256346,-0.21013075781417637
142,2,0.029303372274989723,-0.11714257295615478
143,0,0.07181734690402253,-0.39206577229811884
143,1,0.07665185132487773,-0.3780451595021815
143,2,0.0723706808637972,-0.42012842205493167
144,0,0.03629038755366484,-0.06479029575852943
144,1,0.043750994092547874,-0.17235736222373219
144,2,0.04150010548831111,-0.14826890065088333
145,0,0.050953270719214495,-0.2771089670803233
145,1,0.04578073816800625,-0.2750211112402546
145,2,0.041833559087654626,-0.10009866068235462
146,0,0.04042531963472502,0.1401830385880838
146,1,0.04365963423712358,0.13741172171160862
146,2,0.04032794807463212,0.11749112635004647
147,0,0.03971114225223708,0.06877360346184105
147,1,0.04891578816972792,0.10771357109648808
147,2,0.048512508866564524,0.06235584230384092
148,0,0.04334427605833496,-0.06075006929046563
148,1,0.04413275373360541,0.13958153029110934
148,2,0.04375151090280521,0.03020235051140833
149,0,0.046052231533626864,0.02597845960589371
149,1,0.04779598050605621,0.03286100332594234
149,2,0.03217091321223131,0.14549888017666832
150,0,0.07326040508726936,-0.26924475627637506
150,1,0.0696845190397681,-0.11541745270366924
150,2,0.044933235440266256,-0.05576714603747943
151,0,0.04758024156114645,-0.03293426122952578
151,1,0.07093298600955117,0.10296540841141548
151,2,0.06877811397780982,0.0817749870359774
152,0,0.03453108914372186,-0.047257908053787274
152,1,0.03909010605673672,-0.04260906542808096
152,2,0.03309748540502652,-0.008088354284385953
153,0,0.04439627475356308,-0.16072261014948858
153,1,0.047803982056409615,-0.0319892286853587
153,2,0.0443821451357007,-0.15617002539160288
154,0,0.024729569291955515,0.04364502494456762
154,1,0.03176144123375256,-0.018848694209999284
154,2,0.02617024318631663,0.007791623453257993
155,0,0.04664628101015134,0.060123348204706384
155,1,0.050367012170893476,-0.025619534993920317
155,2,0.04630149619170569,-0.13519363332379655
156,0,0.04805542583975879,-0.14135885308633145
156,1,0.05161316283548944,-0.0026586192868893496
156,2,0.04799786606150924,-0.24549324753236532
157,0,0.05025650697845719,-0.1257654249517202
157,1,0.05439933423082427,-0.14337376394750018
157,2,0.037282296669432086,-0.03921893998998641
158,0,0.04367845864539841,0.12766357020241756
158,1,0.0409107054558294,0.05962842429010799
158,2,0.04450735163418479,0.19522615513911734
159,0,0.05085519306853186,-0.014543029379157425
159,1,0.05807873899450258,-0.025172544435305057
159,2,0.046803457827645646,0.0624374597668264
160,0,0.04575681218023628,-0.3259456248658894
160,1,0.04444261335736296,-0.11190083863815176
160,2,0.0487640191920258,-0.42556970173807307
161,0,0.03543312416048017,-0.15668279718904224
161,1,0.03750949589777716,-0.13074715238538015
161,2,0.03208021680678651,-0.05566670838995779
162,0,0.0313476501048131,-0.08330907794506831
162,1,0.030600244154198538,-0.05144205752449752
162,2,0.02368885615082606,-0.15530579447106785
163,0,0.03367810348268933,0.047831811923324516
163,1,0.03341280875021544,0.05352119617695443
163,2,0.03562879185187429,0.052280863314498244
164,0,0.04194018279254801,0.11385557855303627
164,1,0.039642010513117984,0.2504867208175381
164,2,0.04317870436958999,0.12929085678778343
165,0,0.03466252866077525,-0.029658833863815175
165,1,0.03845229697677896,0.24571156837851366
165,2,0.04655410603023379,0.23377203883842354
166,0,0.05327689899315173,-0.157222469333381
166,1,0.050059726042369364,-0.08758470200629426
166,2,0.05603160679529389,-0.14123571722337458
167,0,0.04932814556416308,0.08491425863672125
167,1,0.02698102161348389,0.15908941152278092
167,2,0.042711490590132066,0.25061776920463485
168,0,0.03441120980641303,0.08768338504041198
168,1,0.032180232144879944,0.08588449279379157
168,2,0.03037079166723193,0.19729371557828482
169,0,0.0495976691961026,0.016200133216508115
169,1,0.044068876161029565,0.07256617239467848
169,2,0.04869925103905168,0.008800671446963736
170,0,0.026497027198716692,0.048595716955153426
170,1,0.03523035987439035,0.11683284457478005
170,2,0.039510890671506406,-0.0783748144803662
171,0,0.054919876043470206,-0.04083473776911522
171,1,0.05248906297220806,-0.029875634790072235
171,2,0.04710141769289548,0.004924786317144696
172,0,0.043548291345777874,0.08777844708890636
172,1,0.03969471439606388,0.16370698403190043
172,2,0.04447766514482057,0.08868561574637006
173,0,0.08950736599150366,-0.02971729490022173
173,1,0.06240663621062202,-0.07308790724912381
173,2,0.07469384445184046,-0.10822447652170804
174,0,0.03200950243531181,-0.03963960017166153
174,1,0.028793242655310806,-0.025017635541091477
174,2,0.03139469558109242,0.16391735882626418
175,0,0.042214253201049615,-0.039458036799942774
175,1,0.04066106835162308,-0.006204190061512052
175,2,0.040390227896393335,-0.07747311082898217
176,0,0.07864139824666909,0.023251667441527787
176,1,0.07924185936425623,0.010885655085473142
176,2,0.06214985754338926,-0.021308259870538585
177,0,0.0387147113924783,-0.08995665993133536
177,1,0.04214503338740787,0.02943956306773478
177,2,0.04651931824817709,-0.108024696463057
178,0,0.04882806011046452,0.2794430052392533
178,1,0.05578451467697093,0.35878368410700234
178,2,0.0492188676710167,0.1815520840783921
179,0,0.04956761583362226,0.05771855553966096
179,1,0.04878770270704694,0.19025592768757596
179,2,0.0474253299533459,-0.0001324118446463057
180,0,0.02884750639061614,-0.03485622228381374
180,1,0.03616084770435796,-0.24023070372290964
180,2,0.031159517695243017,-0.07720453204348758
181,0,0.041152150435248454,-0.24604300032186538
181,1,0.04198260852697691,-0.18231360864745008
181,2,0.04172758599575642,-0.27157681630427005
182,0,0.04128637119855753,-0.08562086492382517
182,1,0.0408495449172298,-0.06910407427937915
182,2,0.03299088985833152,0.058928199431371134
183,0,0.029631400686713556,-0.06995043496531005
183,1,0.027806710002727775,-0.039786753004076955
183,2,0.026702189352055983,-0.08600067725842213
184,0,0.05130676896092368,-0.11532451407267005
184,1,0.045311552090962,-0.15261957075674126
184,2,0.04135974828445322,-0.2013652792182247
185,0,0.052018392211184206,-0.2786139336420857
185,1,0.04052809920252806,-0.055515129908447175
185,2,0.03357606492202266,-0.11632639832629996
186,0,0.04751230474054699,0.1735090815213504
186,1,0.04672291877138189,0.08563658938917101
186,2,0.05571003938139375,-0.05463949958872755
187,0,0.048374710727641664,-0.0577914781667978
187,1,0.04893184788923068,0.02113754827980831
187,2,0.04790787665080818,-0.1074109505757814
188,0,0.02680224105109735,0.09199258144982475
188,1,0.03341531952492863,-0.14654362393605605
188,2,0.027286974547470973,0.05808051999141691
189,0,0.021621926705894332,0.06481622380373363
189,1,0.036579764243453786,0.1702247693298047
189,2,0.032762962942148824,0.16465106662613546
190,0,0.054461351697928956,0.01534391540304699
190,1,0.059357735988855284,0.04327634378799799
190,2,0.036239997886628066,0.15428180432372504
191,0,0.04729899161155413,-0.013143909591588584
191,1,0.037648936295291806,-0.10743408465059723
191,2,0.03259534916326229,0.13606838074887345
192,0,0.0927490193198883,0.10223592509477147
192,1,0.11623683787015977,0.24646057596023171
192,2,0.09571940538308465,0.042044158143194336
193,0,0.03935317649202061,-0.22231389922037048
193,1,0.03570926444890721,-0.07837710553608468
193,2,0.03514594061869394,-0.18277897235533938
194,0,0.03353226823026098,-0.1762097109469995
194,1,0.03196976998854368,0.004917600225305772
194,2,0.033384108365573865,-0.037464427169015095
195,0,0.05618195388034736,0.17979253093484013
195,1,0.05329588189645157,0.03617103122094271
195,2,0.050437719388919396,0.3118589737858522
196,0,0.05385093740778769,-0.06501255051498461
196,1,0.04628121859124502,-0.05905378281238824
196,2,0.0456857663468283,0.1035050917316358
197,0,0.09354349248103813,-0.11868285530362632
197,1,0.0792906914975043,-0.04254050139475002
197,2,0.09581375289673381,-0.13730285744939558
198,0,0.0429651519876872,0.04412739834418138
198,1,0.05572691366724048,0.0824388344002575
198,2,0.04089985957024989,0.1743869246656176
199,0,0.0773984896775708,0.16947560528574493
199,1,0.09099770912523449,0.05910253200772475
199,2,0.08319199585515649,0.09172087341749517
